question,guidance,answer,reporting_unit,confidence_score,difficulty,ticker,year,type,source_pdf,chunk_id
Berapa Jumlah Aset PT BCA Sekuritas pada tahun 2021 untuk BBCA?,"Untuk menjawab pertanyaan ini, cari baris yang sesuai dengan 'PT BCA Sekuritas' dalam tabel. Kemudian, temukan nilai di kolom 'Jumlah Aset' pada baris tersebut. Pastikan untuk mencatat satuan dan mata uang yang relevan.",Jumlah Aset PT BCA Sekuritas pada tahun 2021 adalah 1.263.809 JUTAAN IDR.,JUTAAN IDR,0.98,direct_retrieval,BBCA,2021,math,BBCA_2021_FinancialStatement_marker,BBCA_2021_FinancialStatement_marker_chk0002
Berapakah total gabungan Jumlah Aset PT BCA Multi Finance dan PT BCA Finance pada tahun 2021 untuk BBCA?,"Pertama, identifikasi 'Jumlah Aset' untuk 'PT BCA Multi Finance'. Kedua, identifikasi 'Jumlah Aset' untuk 'PT BCA Finance'. Ketiga, jumlahkan kedua nilai tersebut untuk mendapatkan total gabungan. Pastikan untuk menyertakan satuan dan mata uang yang benar.",Total gabungan Jumlah Aset PT BCA Multi Finance (1.253.713 JUTAAN IDR) dan PT BCA Finance (8.379.515 JUTAAN IDR) pada tahun 2021 adalah 9.633.228 JUTAAN IDR.,JUTAAN IDR,0.97,arithmetic_reasoning,BBCA,2021,math,BBCA_2021_FinancialStatement_marker,BBCA_2021_FinancialStatement_marker_chk0002
"Anak perusahaan BBCA manakah yang memiliki Jumlah Aset tertinggi pada tahun 2021, dan berapa nilainya?","Untuk menjawab pertanyaan ini, periksa kolom 'Jumlah Aset' untuk setiap anak perusahaan yang terdaftar. Bandingkan semua nilai 'Jumlah Aset' untuk mengidentifikasi nilai tertinggi. Setelah nilai tertinggi ditemukan, identifikasi 'Nama' anak perusahaan yang sesuai dengan nilai tersebut. Sertakan nilai aset dan unit pelaporan.","Pada tahun 2021, PT Bank BCA Syariah memiliki Jumlah Aset tertinggi di antara anak perusahaan BBCA, dengan nilai 10.642.153 JUTAAN IDR.",JUTAAN IDR,0.96,comparative_trend,BBCA,2021,math,BBCA_2021_FinancialStatement_marker,BBCA_2021_FinancialStatement_marker_chk0002
What was the type of auditor's opinion for BBCA in 2021?,"To answer this, locate the row labeled 'Jenis opini auditor' (Type of auditor's opinion) in the provided financial statement segment for BBCA in 2021 and extract the corresponding value.",Wajar Tanpa Pengecualian / Unqualified,Full Amount,0.98,direct_retrieval,BBCA,2021,math,BBCA_2021_FinancialStatement_marker,BBCA_2021_FinancialStatement_marker_chk0006
How many days were in BBCA's current reporting period in 2021?,"1. Identify the 'Tanggal awal periode berjalan' (Current period start date) for BBCA in 2021, which is January 01, 2021. 2. Identify the 'Tanggal akhir periode berjalan' (Current period end date) for BBCA in 2021, which is December 31, 2021. 3. Calculate the total number of days between these two dates, inclusive.",365 days,Full Amount,0.97,arithmetic_reasoning,BBCA,2021,math,BBCA_2021_FinancialStatement_marker,BBCA_2021_FinancialStatement_marker_chk0006
Did the audit signing partner for BBCA change between the prior year and the current year in 2021?,1. Locate the 'Nama partner audit tahun berjalan' (Name of current year audit signing partner) for BBCA in 2021. 2. Locate the 'Nama partner audit tahun sebelumnya' (Name of prior year audit signing partner) for BBCA in 2021. 3. Compare these two names to determine if there was any change.,"No, the audit signing partner, Jimmy Pangestu, S.E., remained the same for both the prior year and the current year for BBCA in 2021.",Full Amount,0.96,comparative_trend,BBCA,2021,math,BBCA_2021_FinancialStatement_marker,BBCA_2021_FinancialStatement_marker_chk0006
Berapakah nilai Kas BBCA pada 31 Desember 2021?,"Untuk menemukan nilai Kas BBCA pada 31 Desember 2021, cari baris 'Kas' dan kolom '31 December 2021' dalam tabel laporan keuangan. Nilai yang ditemukan adalah jawabannya.","Nilai Kas BBCA pada 31 Desember 2021 adalah 23,615,635.",Full Amount,0.98,direct_retrieval,BBCA,2021,math,BBCA_2021_FinancialStatement_marker,BBCA_2021_FinancialStatement_marker_chk0012
Berapakah selisih nilai Giro pada bank indonesia BBCA antara 31 Desember 2021 dan 31 Desember 2020?,"Untuk menghitung selisih nilai Giro pada bank indonesia BBCA, pertama temukan nilai 'Giro pada bank indonesia' untuk 31 Desember 2021 (65,785,161) dan untuk 31 Desember 2020 (27,482,178). Kemudian, kurangkan nilai tahun 2020 dari nilai tahun 2021 (65,785,161 - 27,482,178).","Selisih nilai Giro pada bank indonesia BBCA antara 31 Desember 2021 dan 31 Desember 2020 adalah 38,302,983.",Full Amount,0.97,arithmetic_reasoning,BBCA,2021,math,BBCA_2021_FinancialStatement_marker,BBCA_2021_FinancialStatement_marker_chk0012
Apakah nilai Efek-efek yang diperdagangkan pihak ketiga BBCA mengalami peningkatan atau penurunan dari 31 Desember 2020 ke 31 Desember 2021?,"Untuk menentukan apakah nilai Efek-efek yang diperdagangkan pihak ketiga BBCA mengalami peningkatan atau penurunan, bandingkan nilai pada 31 Desember 2020 (1,856,202) dengan nilai pada 31 Desember 2021 (1,117,078). Jika nilai 2021 lebih besar dari 2020, berarti ada peningkatan; jika lebih kecil, berarti ada penurunan.","Nilai Efek-efek yang diperdagangkan pihak ketiga BBCA mengalami penurunan dari 1,856,202 pada 31 Desember 2020 menjadi 1,117,078 pada 31 Desember 2021.",Full Amount,0.96,comparative_trend,BBCA,2021,math,BBCA_2021_FinancialStatement_marker,BBCA_2021_FinancialStatement_marker_chk0012
What was the value of Piutang nasabah pihak for BBCA in 2021?,"Locate the row 'Piutang nasabah pihak' in the provided context. Identify the first numerical value, 6,248,459, which corresponds to the year 2021.","6,248,459 Full Amount",Full Amount,0.97,direct_retrieval,BBCA,2021,math,BBCA_2021_FinancialStatement_marker,BBCA_2021_FinancialStatement_marker_chk0013
Calculate the difference in Piutang nasabah pihak for BBCA between 2021 and the previous year.,"Identify the value for Piutang nasabah pihak in 2021 (6,248,459) and the value for the previous year (5,569,233). Subtract the previous year's value from the 2021 value: 6,248,459 - 5,569,233.","679,226 Full Amount",Full Amount,0.96,arithmetic_reasoning,BBCA,2021,math,BBCA_2021_FinancialStatement_marker,BBCA_2021_FinancialStatement_marker_chk0013
Did the Piutang nasabah pihak for BBCA increase or decrease in 2021 compared to the previous year?,"Compare the value of Piutang nasabah pihak in 2021 (6,248,459) with the value from the previous year (5,569,233). Determine if the 2021 value is higher or lower than the previous year's value.",The Piutang nasabah pihak for BBCA increased in 2021 compared to the previous year.,Full Amount,0.95,comparative_trend,BBCA,2021,math,BBCA_2021_FinancialStatement_marker,BBCA_2021_FinancialStatement_marker_chk0013
What theme is mentioned for BBCA in 2021?,Locate the heading or phrase that describes a central theme for BBCA in the provided text for 2021.,The theme mentioned for BBCA in 2021 is 'Keberlanjutan Tema' (Sustainability Theme).,N/A,0.98,fact_extraction,BBCA,2021,text,BCA-Annual-Report-2021_marker,BBCA_2021_BCA_Annual_Report_2021_marker_chk0001
How is public adoption described for BBCA in 2021?,Identify the phrases in the text that describe the level and trend of public adoption related to BBCA in 2021 and synthesize them into a concise explanation.,"For BBCA in 2021, public adoption is described as 'tinggi' (high) and 'semakin tinggi' (getting higher).",N/A,0.97,summarization,BBCA,2021,text,BCA-Annual-Report-2021_marker,BBCA_2021_BCA_Annual_Report_2021_marker_chk0001
"Based on the text, what is implied about BBCA's actions or strategy in response to the increasing public adoption in 2021?","Analyze the phrase 'adopsi masyarakat yang tinggi semakin tinggi. Oleh karena itu, BCA' to understand the relationship between public adoption and BBCA's subsequent actions or strategy in 2021, even if the specific action is not detailed.","The text states 'adopsi masyarakat yang tinggi semakin tinggi. Oleh karena itu, BCA', which implies that BBCA is taking specific actions or formulating a strategy as a direct consequence of the high and increasing public adoption in 2021, although the exact nature of these actions is not detailed in this segment.",N/A,0.95,logical_inference,BBCA,2021,text,BCA-Annual-Report-2021_marker,BBCA_2021_BCA_Annual_Report_2021_marker_chk0001
What did BBCA promote for the future in 2021?,Locate the sentence in the text that describes what BBCA promoted for the future in 2021 and extract the specific phrase.,"Di tahun 2021, BBCA mempromosikan ""Banking from Home"" untuk masa depan.",N/A,0.98,fact_extraction,BBCA,2021,text,BCA-Annual-Report-2021_marker,BBCA_2021_BCA_Annual_Report_2021_marker_chk0002
How does the text describe the economic situation in 2021?,Identify the sentence that discusses the economic activities in 2021 and summarize its key point regarding the state of the economy.,"Teks tersebut menyatakan bahwa di tahun 2021, aktivitas perekonomian menunjukkan perbaikan setelah awal pandemi.",N/A,0.97,summarization,BBCA,2021,text,BCA-Annual-Report-2021_marker,BBCA_2021_BCA_Annual_Report_2021_marker_chk0002
"Based on the text, what is the implied relationship between the economic recovery and BBCA's promotion of 'Banking from Home' in 2021?",Analyze the phrase 'Sejalan dengan hal tersebut' which connects the improvement in economic activity with BBCA's promotion of 'Banking from Home'. Infer the logical connection between these two statements and the implication for BBCA's strategy.,"Berdasarkan teks, promosi 'Banking from Home' oleh BBCA di tahun 2021 adalah sejalan dengan perbaikan aktivitas perekonomian yang terjadi setelah awal pandemi. Ini menyiratkan bahwa BBCA melihat 'Banking from Home' sebagai strategi yang relevan dan berkelanjutan untuk masa depan, bahkan saat ekonomi mulai pulih.",N/A,0.95,logical_inference,BBCA,2021,text,BCA-Annual-Report-2021_marker,BBCA_2021_BCA_Annual_Report_2021_marker_chk0002
Berapakah Jumlah Aset PT Bank BRISyariah pada tahun 2021?,"Untuk menemukan Jumlah Aset PT Bank BRISyariah pada tahun 2021, cari baris yang sesuai dengan ""PT Bank BRISyariah"" di kolom ""Nama"". Kemudian, ambil nilai yang tertera di kolom ""Jumlah Aset"" pada baris tersebut.",43.165.484 JUTAAN IDR,JUTAAN IDR,0.98,direct_retrieval,BBRI,2021,math,BBRI_2021_FinancialStatement_marker,BBRI_2021_FinancialStatement_marker_chk0002
Hitunglah total Jumlah Aset gabungan dari PT BRI Multifinance dan PT BRI Ventura Investama pada tahun 2021.,"Pertama, temukan nilai ""Jumlah Aset"" untuk ""PT BRI Multifinance"" dan ""PT BRI Ventura Investama"" dari kolom ""Jumlah Aset"". Kedua, jumlahkan kedua nilai tersebut (4.616.468 + 1.514.486) untuk mendapatkan total gabungan.",6.130.954 JUTAAN IDR,JUTAAN IDR,0.97,arithmetic_reasoning,BBRI,2021,math,BBRI_2021_FinancialStatement_marker,BBRI_2021_FinancialStatement_marker_chk0002
"Pada tahun 2021, entitas mana yang memiliki persentase kepemilikan lebih tinggi antara BRI Remittance Co.Limited (Ltd) Hong Kong dan PT Danareksa Sekuritas?","Cari baris untuk ""BRI Remittance Co.Limited (Ltd) Hong Kong"" dan ""PT Danareksa Sekuritas"". Bandingkan nilai di kolom ""Persentase (%)"" untuk kedua entitas tersebut (100.0% vs 67.0%) untuk menentukan mana yang lebih tinggi.","Pada tahun 2021, BRI Remittance Co.Limited (Ltd) Hong Kong memiliki persentase kepemilikan yang lebih tinggi (100.0%) dibandingkan dengan PT Danareksa Sekuritas (67.0%).",JUTAAN IDR,0.96,comparative_trend,BBRI,2021,math,BBRI_2021_FinancialStatement_marker,BBRI_2021_FinancialStatement_marker_chk0002
What was the type of auditor's opinion for BBRI in 2021?,"To answer this, locate the row labeled 'Jenis opini auditor' (Type of auditor's opinion) in the provided financial statement segment for BBRI in 2021 and extract the corresponding value.",Wajar Tanpa Pengecualian / Unqualified,Full Amount,0.98,direct_retrieval,BBRI,2021,math,BBRI_2021_FinancialStatement_marker,BBRI_2021_FinancialStatement_marker_chk0006
How many days were in BBRI's current reporting period for 2021?,"1. Identify the 'Tanggal awal periode berjalan' (Current period start date) for BBRI in 2021, which is January 01, 2021. 2. Identify the 'Tanggal akhir periode berjalan' (Current period end date) for BBRI in 2021, which is December 31, 2021. 3. Calculate the total number of days between these two dates, inclusive.",365 days,Full Amount,0.97,arithmetic_reasoning,BBRI,2021,math,BBRI_2021_FinancialStatement_marker,BBRI_2021_FinancialStatement_marker_chk0006
Did BBRI use the same audit signing partner for both the current year (2021) and the prior year (2020)?,1. Locate the 'Nama partner audit tahun berjalan' (Name of current year audit signing partner) for BBRI in 2021. 2. Locate the 'Nama partner audit tahun sebelumnya' (Name of prior year audit signing partner) for BBRI in 2020. 3. Compare these two names to determine if they are identical.,"Yes, BBRI used the same audit signing partner, Cristophorus Alvin Kossim, for both the current year (2021) and the prior year (2020).",Full Amount,0.96,comparative_trend,BBRI,2021,math,BBRI_2021_FinancialStatement_marker,BBRI_2021_FinancialStatement_marker_chk0006
What was the value of 'Giro pada bank indonesia' for BBRI in 2021?,Locate the row labeled 'Giro pada bank indonesia' and find the corresponding value in the column for '31 December 2021'.,"56,426,573",Full Amount,0.99,direct_retrieval,BBRI,2021,math,BBRI_2021_FinancialStatement_marker,BBRI_2021_FinancialStatement_marker_chk0011
"Calculate the total 'Tagihan akseptasi' (Acceptance receivables) for BBRI in 2021, considering both third parties and related parties.",1. Locate the value for 'Tagihan akseptasi pihak ketiga' in the '31 December 2021' column. 2. Locate the value for 'Tagihan akseptasi pihak berelasi' in the '31 December 2021' column. 3. Add these two values together to get the total 'Tagihan akseptasi'.,"9,554,238",Full Amount,0.98,arithmetic_reasoning,BBRI,2021,math,BBRI_2021_FinancialStatement_marker,BBRI_2021_FinancialStatement_marker_chk0011
Did 'Efek yang dibeli dengan janji dijual kembali' (Securities purchased under agreement to resale) for BBRI increase or decrease from 2020 to 2021?,1. Find the value for 'Efek yang dibeli dengan janji dijual kembali' in the '31 December 2020' column. 2. Find the value for 'Efek yang dibeli dengan janji dijual kembali' in the '31 December 2021' column. 3. Compare the 2021 value with the 2020 value to determine the trend.,"'Efek yang dibeli dengan janji dijual kembali' for BBRI increased from 46,818,568 in 2020 to 54,915,498 in 2021.",Full Amount,0.97,comparative_trend,BBRI,2021,math,BBRI_2021_FinancialStatement_marker,BBRI_2021_FinancialStatement_marker_chk0011
What was the value of BBRI's Aset pajak tangguhan (Deferred tax assets) in 2021?,"Locate the row labeled ""Aset pajak tangguhan"" and identify the numerical value presented in the column corresponding to the year 2021.","16,284,898 Full Amount",Full Amount,0.98,direct_retrieval,BBRI,2021,math,BBRI_2021_FinancialStatement_marker,BBRI_2021_FinancialStatement_marker_chk0012
"Calculate the net deferred tax assets for BBRI in 2021, considering the Aset pajak tangguhan and Cadangan kerugian.","First, identify the value for ""Aset pajak tangguhan"" in 2021, which is 16,284,898. Next, identify the value for ""Cadangan kerugian"" (Allowance for impairment) in 2021, which is (488,233). Subtract the Cadangan kerugian from the Aset pajak tangguhan to find the net amount: 16,284,898 - 488,233.","15,796,665 Full Amount",Full Amount,0.97,arithmetic_reasoning,BBRI,2021,math,BBRI_2021_FinancialStatement_marker,BBRI_2021_FinancialStatement_marker_chk0012
Did BBRI's Aset pajak tangguhan (Deferred tax assets) increase or decrease from the previous year (2020) to 2021?,"Locate the value for ""Aset pajak tangguhan"" in 2021, which is 16,284,898. Then, locate the value for ""Aset pajak tangguhan"" for the previous year (2020), which is 9,885,990. Compare these two values to determine if there was an increase or decrease.","BBRI's Aset pajak tangguhan (Deferred tax assets) increased from 9,885,990 Full Amount in 2020 to 16,284,898 Full Amount in 2021.",Full Amount,0.96,comparative_trend,BBRI,2021,math,BBRI_2021_FinancialStatement_marker,BBRI_2021_FinancialStatement_marker_chk0012
What is the slogan associated with BBRI's digitalization efforts in 2021?,"Locate the section titled ""Digitalisasi"" and identify the bolded phrase directly beneath it, which serves as the slogan for the year 2021.","The slogan associated with BBRI's digitalization efforts in 2021 is ""Go Smaller, Go Shorter, Go Faster"".",N/A,0.98,fact_extraction,BBRI,2021,text,BRI-Annual-Report-2021_marker,BBRI_2021_BRI_Annual_Report_2021_marker_chk0000
"How does BBRI characterize its digitalization strategy in 2021, according to the provided context?","Read the main heading ""Digitalisasi"" and the accompanying slogan ""Go Smaller, Go Shorter, Go Faster"". Synthesize these two pieces of information to explain the characterization of the strategy for 2021.","In 2021, BBRI characterizes its digitalization strategy as ""Digitalisasi"" with the guiding principle ""Go Smaller, Go Shorter, Go Faster"". This implies a focus on agile, efficient, and rapid digital transformation.",N/A,0.96,summarization,BBRI,2021,text,BRI-Annual-Report-2021_marker,BBRI_2021_BRI_Annual_Report_2021_marker_chk0000
"Based on the slogan ""Go Smaller, Go Shorter, Go Faster,"" what can be inferred about the core objectives of BBRI's digitalization strategy in 2021?","Analyze each component of the slogan (""Go Smaller,"" ""Go Shorter,"" ""Go Faster""). Infer the underlying objectives or desired outcomes that each phrase suggests in the context of digitalization. Connect these inferences to form a comprehensive understanding of the strategy's core objectives for 2021.","Based on the slogan ""Go Smaller, Go Shorter, Go Faster,"" it can be inferred that the core objectives of BBRI's digitalization strategy in 2021 are to achieve greater agility and efficiency by breaking down processes into smaller, more manageable steps (""Go Smaller""), reducing the time and complexity of operations (""Go Shorter""), and accelerating the pace of digital implementation and service delivery (""Go Faster""). This suggests a focus on streamlined, rapid, and user-friendly digital solutions.",N/A,0.95,logical_inference,BBRI,2021,text,BRI-Annual-Report-2021_marker,BBRI_2021_BRI_Annual_Report_2021_marker_chk0000
"What was BBRI's updated vision in 2021, according to the provided context?","To answer this, locate the sentence in the text that explicitly states the new vision for BBRI.",BBRI's updated vision in 2021 was 'The Most Valuable Banking Group in Southeast Asia.',N/A,0.98,fact_extraction,BBRI,2021,text,BRI-Annual-Report-2021_marker,BBRI_2021_BRI_Annual_Report_2021_marker_chk0001
"How does BBRI describe its 'Go Smaller, Go Shorter, Go Faster' strategy in 2021?","Identify the definitions provided for 'go smaller,' 'go shorter,' and 'go faster' within the text. Synthesize these three descriptions into a comprehensive explanation.","In 2021, BBRI's 'Go Smaller' strategy involves targeting segments smaller than micro, specifically ultra-micro, by distributing credit with a smaller ticket size. 'Go Shorter' means providing short-tenor credit according to needs. 'Go Faster' refers to strengthening the digitalization of its financial services to make services and business processes quicker.",N/A,0.97,summarization,BBRI,2021,text,BRI-Annual-Report-2021_marker,BBRI_2021_BRI_Annual_Report_2021_marker_chk0001
"Based on the 2021 context, what was the primary reason for BBRI's focus on becoming a 'Champion of Financial Inclusion'?",Locate the section that discusses 'Champion of Financial Inclusion' and specifically identify the phrase that explains its purpose or intention ('dimaksudkan guna'). This phrase will reveal the underlying reason.,"In 2021, BBRI's focus on becoming a 'Champion of Financial Inclusion' was intended to ensure the company's sustainable growth ('menjaga pertumbuhan berkesinambungan perseroan') and to seek new sources of growth ('mencari sumber pertumbuhan baru').",N/A,0.96,logical_inference,BBRI,2021,text,BRI-Annual-Report-2021_marker,BBRI_2021_BRI_Annual_Report_2021_marker_chk0001
Berapakah 'Jumlah Aset' untuk PT Mandiri Sekuritas (Mansek) pada tahun 2021 untuk BMRI?,"Untuk menjawab pertanyaan ini, cari baris yang sesuai dengan 'PT Mandiri Sekuritas (Mansek)' dalam tabel. Kemudian, identifikasi nilai yang tertera di kolom 'Jumlah Aset' untuk baris tersebut.",4.317.961 JUTAAN IDR,JUTAAN IDR,0.98,direct_retrieval,BMRI,2021,math,BMRI_2021_FinancialStatement_marker,BMRI_2021_FinancialStatement_marker_chk0002
Hitunglah total gabungan 'Jumlah Aset' untuk PT Bank Syariah Mandiri (BSM) dan PT Mandiri Tunas Finance (MTF) pada tahun 2021 untuk BMRI.,1. Temukan baris untuk 'PT Bank Syariah Mandiri (BSM)' dan catat nilai 'Jumlah Aset'nya. 2. Temukan baris untuk 'PT Mandiri Tunas Finance (MTF)' dan catat nilai 'Jumlah Aset'nya. 3. Jumlahkan kedua nilai 'Jumlah Aset' tersebut untuk mendapatkan total gabungan.,132.975.556 JUTAAN IDR,JUTAAN IDR,0.97,arithmetic_reasoning,BMRI,2021,math,BMRI_2021_FinancialStatement_marker,BMRI_2021_FinancialStatement_marker_chk0002
"Entitas mana, PT AXA Mandiri Financial Services (AMFS) atau PT MANDIRI UTAMA FINANCE, yang memiliki 'Jumlah Aset' lebih tinggi pada tahun 2021 untuk BMRI?",1. Temukan baris untuk 'PT AXA Mandiri Financial Services (AMFS)' dan catat nilai 'Jumlah Aset'nya. 2. Temukan baris untuk 'PT MANDIRI UTAMA FINANCE' dan catat nilai 'Jumlah Aset'nya. 3. Bandingkan kedua nilai tersebut untuk menentukan mana yang lebih tinggi.,PT AXA Mandiri Financial Services (AMFS) memiliki 'Jumlah Aset' yang lebih tinggi (26.996.241 JUTAAN IDR) dibandingkan dengan PT MANDIRI UTAMA FINANCE (5.042.959 JUTAAN IDR) pada tahun 2021.,JUTAAN IDR,0.96,comparative_trend,BMRI,2021,math,BMRI_2021_FinancialStatement_marker,BMRI_2021_FinancialStatement_marker_chk0002
Who was the current year audit signing partner for BMRI in 2021?,"Locate the row labeled ""Nama partner audit tahun berjalan"" (Name of current year audit signing partner) in the provided financial statement segment and extract the corresponding value.",Lucy Luciana Suhenda,Full Amount,0.98,direct_retrieval,BMRI,2021,math,BMRI_2021_FinancialStatement_marker,BMRI_2021_FinancialStatement_marker_chk0006
Calculate the duration in years between the current period end date and the prior period end date for BMRI in 2021.,"1. Identify the ""Tanggal akhir periode berjalan"" (Current period end date), which is December 31, 2021. 2. Identify the ""Tanggal akhir tahun sebelumnya"" (Prior year end date), which is December 31, 2020. 3. Extract the year from each date: 2021 and 2020. 4. Subtract the prior year from the current year: 2021 - 2020.",The duration is 1 year.,Full Amount,0.96,arithmetic_reasoning,BMRI,2021,math,BMRI_2021_FinancialStatement_marker,BMRI_2021_FinancialStatement_marker_chk0006
Did BMRI change its auditor between the prior year (2020) and the current year (2021)?,"1. Locate the ""Auditor tahun berjalan"" (Current year auditor) for 2021. 2. Locate the ""Auditor tahun sebelumnya"" (Prior year auditor) for 2020. 3. Compare the names of the auditors for both periods to determine if a change occurred.","Yes, BMRI changed its auditor. The prior year auditor (2020) was Purwantono, Sungkoro & Surja, while the current year auditor (2021) is Tanuderedja, Wibisana, Rintis & Rekan.",Full Amount,0.97,comparative_trend,BMRI,2021,math,BMRI_2021_FinancialStatement_marker,BMRI_2021_FinancialStatement_marker_chk0006
What was the total assets for BMRI in 2021?,"Locate the row labeled ""Jumlah aset"" (Total assets) and find the corresponding value in the column for ""31 December 2021"".","The total assets for BMRI in 2021 was 1,725,611,128.",Full Amount,0.97,direct_retrieval,BMRI,2021,math,BMRI_2021_FinancialStatement_marker,BMRI_2021_FinancialStatement_marker_chk0011
"Calculate the increase in ""Pinjaman yang diberikan pihak ketiga"" (Loans third parties) for BMRI from 2020 to 2021.","Locate the row ""Pinjaman yang diberikan pihak ketiga"" (Loans third parties). Extract the value for ""31 December 2021"" (839,421,181) and ""31 December 2020"" (753,812,475). Subtract the 2020 value from the 2021 value (839,421,181 - 753,812,475).","The increase in ""Pinjaman yang diberikan pihak ketiga"" (Loans third parties) for BMRI from 2020 to 2021 was 85,608,706.",Full Amount,0.96,arithmetic_reasoning,BMRI,2021,math,BMRI_2021_FinancialStatement_marker,BMRI_2021_FinancialStatement_marker_chk0011
"Did BMRI's ""Jumlah liabilitas"" (Total liabilities) increase or decrease from 2020 to 2021?","Locate the row ""Jumlah liabilitas"" (Total liabilities). Compare the value for ""31 December 2021"" (1,326,592,237) with the value for ""31 December 2020"" (1,186,905,382). Determine if the 2021 value is higher or lower than the 2020 value.","BMRI's ""Jumlah liabilitas"" (Total liabilities) increased from 1,186,905,382 in 2020 to 1,326,592,237 in 2021.",Full Amount,0.95,comparative_trend,BMRI,2021,math,BMRI_2021_FinancialStatement_marker,BMRI_2021_FinancialStatement_marker_chk0011
Berapakah Pendapatan bunga BMRI pada tahun 2021?,"Untuk menemukan Pendapatan bunga BMRI pada tahun 2021, cari baris 'Pendapatan bunga' dan ambil nilai dari kolom angka pertama (yang mewakili tahun 2021).","Pendapatan bunga BMRI pada tahun 2021 adalah 97,749,086.",Full Amount,0.98,direct_retrieval,BMRI,2021,math,BMRI_2021_FinancialStatement_marker,BMRI_2021_FinancialStatement_marker_chk0013
Berapakah laba bersih bunga BMRI pada tahun 2021?,"Untuk menghitung laba bersih bunga BMRI pada tahun 2021, temukan 'Pendapatan bunga' dan 'Beban bunga' untuk tahun 2021. Kurangkan nilai Beban bunga dari Pendapatan bunga. (97,749,086 - 24,686,592).","Laba bersih bunga BMRI pada tahun 2021 adalah 73,062,494.",Full Amount,0.97,arithmetic_reasoning,BMRI,2021,math,BMRI_2021_FinancialStatement_marker,BMRI_2021_FinancialStatement_marker_chk0013
Apakah Pendapatan dari premi asuransi BMRI meningkat atau menurun pada tahun 2021 dibandingkan dengan tahun sebelumnya?,"Untuk menentukan apakah Pendapatan dari premi asuransi BMRI meningkat atau menurun, bandingkan nilai 'Pendapatan dari premi asuransi' pada kolom angka pertama (2021) dengan kolom angka kedua (tahun sebelumnya). Nilai tahun 2021 adalah 14,857,941 dan nilai tahun sebelumnya adalah 12,890,360.",Pendapatan dari premi asuransi BMRI meningkat pada tahun 2021 dibandingkan dengan tahun sebelumnya.,Full Amount,0.96,comparative_trend,BMRI,2021,math,BMRI_2021_FinancialStatement_marker,BMRI_2021_FinancialStatement_marker_chk0013
What is the main theme for BMRI in 2021 according to the provided context?,"To answer this, locate the main title or heading that describes BMRI's focus for the year 2021.","The main theme for BMRI in 2021 is ""Melanjutkan Transformasi Digital & Inovasi Perbankan"".",N/A,0.98,fact_extraction,BMRI,2021,text,Mandiri-Annual-Report-2021_marker,BMRI_2021_Mandiri_Annual_Report_2021_marker_chk0000
How does BMRI describe its strategic direction in 2021 based on the provided context?,"To answer this, synthesize the information from the main heading to explain BMRI's strategic direction for 2021.","In 2021, BMRI's strategic direction is described as ""Melanjutkan Transformasi Digital & Inovasi Perbankan,"" indicating a continued focus on advancing digital transformation and fostering innovation within its banking operations.",N/A,0.97,summarization,BMRI,2021,text,Mandiri-Annual-Report-2021_marker,BMRI_2021_Mandiri_Annual_Report_2021_marker_chk0000
"Based on the title ""Melanjutkan Transformasi Digital & Inovasi Perbankan"" for BMRI in 2021, what can be inferred about the company's prior activities or ongoing commitment?","To answer this, analyze the word ""Melanjutkan"" (Continuing) in the title to infer the nature of BMRI's activities regarding digital transformation and banking innovation prior to or during 2021.","Based on the title ""Melanjutkan Transformasi Digital & Inovasi Perbankan"" for BMRI in 2021, it can be inferred that BMRI had already initiated or been engaged in digital transformation and banking innovation efforts prior to 2021, and the company is committed to continuing and advancing these initiatives.",N/A,0.96,logical_inference,BMRI,2021,text,Mandiri-Annual-Report-2021_marker,BMRI_2021_Mandiri_Annual_Report_2021_marker_chk0000
Apa tema yang diusung oleh BMRI pada Laporan Tahunan 2021?,Cari kalimat yang secara eksplisit menyebutkan tema Laporan Tahunan BMRI untuk tahun 2021.,"Pada Laporan Tahunan 2021, BMRI mengusung tema ""Melanjutkan Transformasi Digital dan Inovasi Perbankan"".",N/A,0.98,fact_extraction,BMRI,2021,text,Mandiri-Annual-Report-2021_marker,BMRI_2021_Mandiri_Annual_Report_2021_marker_chk0001
Bagaimana BMRI menjelaskan perannya dalam menghadapi pergeseran perilaku masyarakat yang semakin 'digital minded' pada tahun 2021?,Temukan bagian teks yang membahas pergeseran perilaku masyarakat dan respons BMRI terhadapnya. Sintesiskan informasi tersebut untuk menjelaskan komitmen dan tindakan BMRI.,"Pada tahun 2021, BMRI menjelaskan bahwa pergeseran perilaku masyarakat yang semakin 'digital minded' menuntut layanan keuangan yang serba cepat, efisien, aman, dan mudah diakses. Oleh karena itu, BMRI berkomitmen penuh melakukan transformasi digital dan berinovasi untuk mampu bersaing serta dapat menjawab kebutuhan nasabah, meyakini bahwa digitalisasi telah menjadi salah satu kebutuhan mendasar masyarakat.",N/A,0.97,summarization,BMRI,2021,text,Mandiri-Annual-Report-2021_marker,BMRI_2021_Mandiri_Annual_Report_2021_marker_chk0001
"Berdasarkan teks, mengapa penguatan dan pengoptimalan saluran digital menjadi semakin penting bagi BMRI dalam membangun loyalitas dan menghasilkan pertumbuhan bisnis pada tahun 2021?","Identifikasi bagian teks yang membahas pentingnya saluran digital. Analisis alasan-alasan yang diberikan dalam teks yang menghubungkan saluran digital dengan loyalitas dan pertumbuhan bisnis, serta faktor-faktor pendorong di baliknya.","Pada tahun 2021, penguatan dan pengoptimalan saluran digital menjadi semakin penting bagi BMRI karena hal tersebut dianggap krusial dalam membangun loyalitas dan menghasilkan pertumbuhan bisnis. Hal ini didorong oleh keyakinan BMRI bahwa penetrasi digital banking akan terus meningkat sejalan dengan pertumbuhan ekonomi Indonesia dan nasabah yang matang secara finansial, serta arus migrasi aktivitas masyarakat ke saluran digital yang kian pesat, yang tercermin dari peningkatan signifikan penggunaan produk dan layanan keuangan digital.",N/A,0.96,logical_inference,BMRI,2021,text,Mandiri-Annual-Report-2021_marker,BMRI_2021_Mandiri_Annual_Report_2021_marker_chk0001
Berapa Jumlah Aset Telkomsat pada tahun 2021?,"1. Cari baris untuk ""PT Telkom Satelit Indonesia (""Telkomsat"")"" dalam tabel.
2. Temukan nilai di kolom ""Jumlah Aset"" untuk entitas tersebut.",Jumlah Aset Telkomsat pada tahun 2021 adalah 5.515 MILYARAN IDR.,MILYARAN IDR,0.98,direct_retrieval,TLKM,2021,math,TLKM_2021_FinancialStatement_marker,TLKM_2021_FinancialStatement_marker_chk0002
Berapakah total Jumlah Aset gabungan PT Metranet dan PINS pada tahun 2021?,"1. Temukan baris untuk ""PT Metranet"" dan catat nilai ""Jumlah Aset""nya.
2. Temukan baris untuk ""PT PINS Indonesia (""PINS"")"" dan catat nilai ""Jumlah Aset""nya.
3. Jumlahkan kedua nilai tersebut untuk mendapatkan total gabungan.",Jumlah Aset PT Metranet adalah 1.640 MILYARAN IDR dan PINS adalah 1.589 MILYARAN IDR. Total Jumlah Aset gabungan keduanya pada tahun 2021 adalah 3.229 MILYARAN IDR.,MILYARAN IDR,0.97,arithmetic_reasoning,TLKM,2021,math,TLKM_2021_FinancialStatement_marker,TLKM_2021_FinancialStatement_marker_chk0002
Bandingkan Jumlah Aset Telkomsel dengan Dayamitra pada tahun 2021. Manakah yang memiliki Jumlah Aset lebih tinggi?,"1. Temukan baris untuk ""PT Telekomunikasi Selular (""Telkomsel"")"" dan catat nilai ""Jumlah Aset""nya.
2. Temukan baris untuk ""PT Dayamitra Telekomunikasi (""Dayamitra"")"" dan catat nilai ""Jumlah Aset""nya.
3. Bandingkan kedua nilai tersebut untuk menentukan mana yang lebih tinggi.","Pada tahun 2021, Telkomsel memiliki Jumlah Aset sebesar 101.302 MILYARAN IDR, sedangkan Dayamitra memiliki Jumlah Aset sebesar 57.728 MILYARAN IDR. Oleh karena itu, Telkomsel memiliki Jumlah Aset yang lebih tinggi.",MILYARAN IDR,0.96,comparative_trend,TLKM,2021,math,TLKM_2021_FinancialStatement_marker,TLKM_2021_FinancialStatement_marker_chk0002
What is the main industry of TLKM in 2021?,"To answer this, locate the row labeled 'Industri utama entitas' (Entity main industry) in the provided financial statement segment for TLKM in 2021 and extract the corresponding value.",Infrastruktur / Infrastructure,Full Amount,0.98,direct_retrieval,TLKM,2021,math,TLKM_2021_FinancialStatement_marker,TLKM_2021_FinancialStatement_marker_chk0006
"For TLKM in 2021, what is the sum of the conversion rate at the reporting date and the number of years the current audit signing partner has served?","First, find the value for 'Kurs konversi pada tanggal pelaporan jika mata uang penyajian selain rupiah' (Conversion rate at reporting date if presentation currency is other than rupiah) for TLKM in 2021. This value is 14,252.5. Next, locate the value for 'Lama tahun penugasan partner yang menandatangani' (Number of years served as audit signing partner), which is 1. Finally, add these two numerical values together.","14,253.5",Full Amount,0.96,arithmetic_reasoning,TLKM,2021,math,TLKM_2021_FinancialStatement_marker,TLKM_2021_FinancialStatement_marker_chk0006
"For TLKM in 2021, who was the audit signing partner for the current year compared to the prior year?","To determine this, first identify the 'Nama partner audit tahun berjalan' (Name of current year audit signing partner) for TLKM in 2021. Then, find the 'Nama partner audit tahun sebelumnya' (Name of prior year audit signing partner). Compare these two names to state the difference.","For TLKM in 2021, the current year audit signing partner was Widya Arijanti, while the prior year audit signing partner was Handri Tjendra.",Full Amount,0.97,comparative_trend,TLKM,2021,math,TLKM_2021_FinancialStatement_marker,TLKM_2021_FinancialStatement_marker_chk0006
What was the total current assets for TLKM in 2021?,"To find the total current assets for TLKM in 2021, locate the row labeled ""Jumlah aset lancar"" (Total current assets) and extract the value from the column corresponding to ""31 December 2021"".","61,277 Full Amount",Full Amount,0.97,direct_retrieval,TLKM,2021,math,TLKM_2021_FinancialStatement_marker,TLKM_2021_FinancialStatement_marker_chk0011
What is the sum of TLKM's Total Current Assets and Total Non-Current Assets in 2021?,"To calculate the sum, first locate the value for ""Jumlah aset lancar"" (Total current assets) for 2021, which is 61,277. Next, locate the value for ""Jumlah aset tidak lancar"" (Total non-current assets) for 2021, which is 215,907. Add these two values together.","277,184 Full Amount",Full Amount,0.96,arithmetic_reasoning,TLKM,2021,math,TLKM_2021_FinancialStatement_marker,TLKM_2021_FinancialStatement_marker_chk0011
Did TLKM's Total Equity Attributable to Equity Owners of Parent Entity increase or decrease from 2020 to 2021?,"To determine the trend, first find the value for ""Jumlah ekuitas yang diatribusikan kepada pemilik entitas induk"" (Total equity attributable to equity owners of parent entity) for 2020, which is 102,527. Then, find the corresponding value for 2021, which is 121,646. Compare these two values to identify if there was an increase or decrease.","TLKM's Total Equity Attributable to Equity Owners of Parent Entity increased from 102,527 in 2020 to 121,646 in 2021.",Full Amount,0.95,comparative_trend,TLKM,2021,math,TLKM_2021_FinancialStatement_marker,TLKM_2021_FinancialStatement_marker_chk0011
"What was the value of ""Kepentingan Non-controlling interests"" for TLKM in 2021?","Locate the line item ""Kepentingan Non-controlling interests"" in the provided financial segment. Identify the value corresponding to the year 2021, which is typically the first value listed for the current year.","23,753 Full Amount",Full Amount,0.97,direct_retrieval,TLKM,2021,math,TLKM_2021_FinancialStatement_marker,TLKM_2021_FinancialStatement_marker_chk0012
"Calculate the change in ""Kepentingan Non-controlling interests"" for TLKM from the previous year to 2021.","Identify the value for ""Kepentingan Non-controlling interests"" in 2021 (23,753) and the value for the previous year (18,362). Subtract the previous year's value from the 2021 value to find the change.","5,391 Full Amount",Full Amount,0.96,arithmetic_reasoning,TLKM,2021,math,TLKM_2021_FinancialStatement_marker,TLKM_2021_FinancialStatement_marker_chk0012
"Did the ""Kepentingan Non-controlling interests"" for TLKM show an increase or decrease in 2021 compared to the previous year?","Compare the value of ""Kepentingan Non-controlling interests"" in 2021 (23,753) with the value from the previous year (18,362). Determine if the 2021 value is greater than or less than the previous year's value.","The ""Kepentingan Non-controlling interests"" for TLKM increased in 2021 compared to the previous year, as 23,753 is greater than 18,362.",Full Amount,0.95,comparative_trend,TLKM,2021,math,TLKM_2021_FinancialStatement_marker,TLKM_2021_FinancialStatement_marker_chk0012
What is the main heading of the segment for TLKM in 2021?,Locate the prominent title or heading provided for the segment in the context.,"The main heading of the segment for TLKM in 2021 is ""DIGITALIZATION FOR A BETTER FUTURE"".",N/A,0.99,fact_extraction,TLKM,2021,text,Telkom-Annual-Report-2021_marker,TLKM_2021_Telkom_Annual_Report_2021_marker_chk0001
How does TLKM characterize the overall theme of this segment in 2021?,"Identify the primary title of the segment, as it encapsulates its overall theme.","TLKM characterizes the overall theme of this segment in 2021 as ""DIGITALIZATION FOR A BETTER FUTURE"".",N/A,0.98,summarization,TLKM,2021,text,Telkom-Annual-Report-2021_marker,TLKM_2021_Telkom_Annual_Report_2021_marker_chk0001
"Based on the segment title, what is the stated purpose or desired result of TLKM's digitalization efforts in 2021?","Analyze the segment title to identify the two key concepts ('Digitalization' and 'A Better Future') and infer the relationship between them, specifically what digitalization is intended to achieve.","Based on the segment title ""DIGITALIZATION FOR A BETTER FUTURE"", the stated purpose or desired result of TLKM's digitalization efforts in 2021 is to achieve ""A BETTER FUTURE"".",N/A,0.95,logical_inference,TLKM,2021,text,Telkom-Annual-Report-2021_marker,TLKM_2021_Telkom_Annual_Report_2021_marker_chk0001
"What specific advice or guidance is mentioned alongside ""DAFTAR ISI"" in TLKM's 2021 annual report segment?","Locate the text immediately following ""DAFTAR ISI"" in the main heading of the provided segment.","""TIPS MEMBACA ISI LAPORAN"" is mentioned alongside ""DAFTAR ISI"".",N/A,0.99,fact_extraction,TLKM,2021,text,Telkom-Annual-Report-2021_marker,TLKM_2021_Telkom_Annual_Report_2021_marker_chk0003
Summarize the content presented in the provided segment of TLKM's 2021 annual report.,Identify the main heading and any listed items within the segment to form a concise summary of all information present.,"The provided segment from TLKM's 2021 annual report contains the main heading ""DAFTAR ISI TIPS MEMBACA ISI LAPORAN"" and lists ""*DISCLAIMER* DAFTAR ISI"" as an item.",N/A,0.96,summarization,TLKM,2021,text,Telkom-Annual-Report-2021_marker,TLKM_2021_Telkom_Annual_Report_2021_marker_chk0003
"Based on the structure of the provided segment from TLKM's 2021 annual report, what can be inferred about the placement of the ""DISCLAIMER""?","Observe how ""DISCLAIMER"" is presented in relation to ""DAFTAR ISI"" within the bulleted list to understand their structural relationship.","It can be inferred that the ""DISCLAIMER"" is an entry or a specific section that is part of or related to the ""DAFTAR ISI"" (Table of Contents), as it is listed as an item under the main ""DAFTAR ISI"" heading.",N/A,0.95,logical_inference,TLKM,2021,text,Telkom-Annual-Report-2021_marker,TLKM_2021_Telkom_Annual_Report_2021_marker_chk0003
What was the Jumlah Aset in 2021 for the company in the Otomotif business segment that commenced commercial operations in 1991?,"1. Locate the row where 'Kegiatan Usaha' is 'Otomotif' and 'Tahun Komersil' is '1991'.
2. Identify the 'Jumlah Aset' value in that specific row.",16.947 MILYARAN IDR,MILYARAN IDR,0.97,direct_retrieval,ASII,2021,math,ASII_2021_FinancialStatement_marker,ASII_2021_FinancialStatement_marker_chk0002
"In 2021, what was the combined Jumlah Aset for the two 'Jasa Keuangan' companies that commenced commercial operations in 1983 and 1989, respectively?","1. Locate the row for the 'Jasa Keuangan' company with 'Tahun Komersil' 1983 and extract its 'Jumlah Aset'.
2. Locate the row for the 'Jasa Keuangan' company with 'Tahun Komersil' 1989 and extract its 'Jumlah Aset'.
3. Add these two 'Jumlah Aset' values together.",65.271 MILYARAN IDR,MILYARAN IDR,0.96,arithmetic_reasoning,ASII,2021,math,ASII_2021_FinancialStatement_marker,ASII_2021_FinancialStatement_marker_chk0002
"In 2021, which company within the 'Jasa Keuangan' business segment had the highest 'Jumlah Aset', and what was that amount? Identify the company by its 'Tahun Komersil'.","1. Filter the data to include only companies with 'Kegiatan Usaha' as 'Jasa Keuangan'.
2. Compare the 'Jumlah Aset' for all filtered companies.
3. Identify the company with the maximum 'Jumlah Aset' and its corresponding 'Tahun Komersil' and 'Jumlah Aset'.","The company with the highest 'Jumlah Aset' in the 'Jasa Keuangan' segment was the one that commenced commercial operations in 1989, with a 'Jumlah Aset' of 32.711 MILYARAN IDR.",MILYARAN IDR,0.95,comparative_trend,ASII,2021,math,ASII_2021_FinancialStatement_marker,ASII_2021_FinancialStatement_marker_chk0002
"Berapakah nilai ""Kas dan setara kas"" (Cash and cash equivalents) ASII pada 31 Desember 2021?","Untuk menemukan nilai ""Kas dan setara kas"" ASII pada 31 Desember 2021, cari baris ""Kas dan setara kas"" di bawah ""Aset lancar"" dan ambil nilai yang sesuai dari kolom ""31 December 2021"".","63,947",Full Amount,0.99,direct_retrieval,ASII,2021,math,ASII_2021_FinancialStatement_marker,ASII_2021_FinancialStatement_marker_chk0011
"Berapakah total ""Piutang usaha"" (Trade receivables) ASII pada 31 Desember 2021?","Untuk menghitung total ""Piutang usaha"" ASII pada 31 Desember 2021, temukan nilai ""Piutang usaha pihak ketiga"" dan ""Piutang usaha pihak berelasi"" pada kolom ""31 December 2021"". Kemudian, jumlahkan kedua nilai tersebut.","20,834",Full Amount,0.98,arithmetic_reasoning,ASII,2021,math,ASII_2021_FinancialStatement_marker,ASII_2021_FinancialStatement_marker_chk0011
"Apakah ""Jumlah aset lancar"" (Total current assets) ASII mengalami peningkatan atau penurunan dari 2020 ke 2021?","Untuk menentukan tren ""Jumlah aset lancar"" ASII, bandingkan nilai ""Jumlah aset lancar"" pada kolom ""31 December 2020"" dengan nilai pada kolom ""31 December 2021"".","Jumlah aset lancar ASII mengalami peningkatan dari 132,308 pada 2020 menjadi 160,262 pada 2021.",Full Amount,0.97,comparative_trend,ASII,2021,math,ASII_2021_FinancialStatement_marker,ASII_2021_FinancialStatement_marker_chk0011
What was the 'Jumlah laba bruto' for ASII in 2021?,"To find the 'Jumlah laba bruto' for ASII in 2021, locate the row labeled 'Jumlah laba bruto' in the financial statement. Then, extract the value from the column corresponding to the year 2021.","51,033 Full Amount",Full Amount,0.98,direct_retrieval,ASII,2021,math,ASII_2021_FinancialStatement_marker,ASII_2021_FinancialStatement_marker_chk0013
Calculate the 'Jumlah laba (rugi) dari operasi yang dilanjutkan' for ASII in 2021 by subtracting 'Pendapatan (beban) pajak' from 'Jumlah laba (rugi) sebelum pajak penghasilan'.,"First, locate the 'Jumlah laba (rugi) sebelum pajak penghasilan' for ASII in 2021, which is 32,350. Next, locate the 'Pendapatan (beban) pajak' for 2021, which is (6,764). Finally, subtract the tax expense from the profit before tax: 32,350 - 6,764.","25,586 Full Amount",Full Amount,0.97,arithmetic_reasoning,ASII,2021,math,ASII_2021_FinancialStatement_marker,ASII_2021_FinancialStatement_marker_chk0013
Did ASII's 'Penjualan dan pendapatan usaha' increase or decrease in 2021 compared to the previous year?,"To determine the trend, first find the 'Penjualan dan pendapatan usaha' for ASII in 2021, which is 233,485. Then, find the 'Penjualan dan pendapatan usaha' for the previous year (2020), which is 175,046. Compare these two values to identify if there was an increase or decrease.","ASII's 'Penjualan dan pendapatan usaha' increased in 2021 (233,485 Full Amount) compared to the previous year (175,046 Full Amount).",Full Amount,0.96,comparative_trend,ASII,2021,math,ASII_2021_FinancialStatement_marker,ASII_2021_FinancialStatement_marker_chk0013
What was ASII's Equity attributable to parent entity at the beginning of the period in 2021?,"To find this, locate the row labeled ""Posisi ekuitas, awal periode"" (Equity position, beginning of the period) and the column labeled ""Ekuitas yang dapat diatribusikan kepada entitas induk"" (Equity attributable to parent entity). The value at their intersection is the answer.","155,662 Full Amount",Full Amount,0.98,direct_retrieval,ASII,2021,math,ASII_2021_FinancialStatement_marker,ASII_2021_FinancialStatement_marker_chk0016
"For ASII in 2021, what is the sum of ""Laba (rugi)"" (Profit (loss)) attributable to the parent entity and ""Laba (rugi)"" (Profit (loss)) attributable to non-controlling interests?","First, locate the row ""Laba (rugi)"" (Profit (loss)). Then, identify the value under the column ""Ekuitas yang dapat diatribusikan kepada entitas induk"" (Equity attributable to parent entity), which is 20,196. Next, identify the value under the column ""Kepentingan non-pengendali"" (Non-controlling interests), which is 5,390. Finally, add these two values together (20,196 + 5,390) to get the sum.","25,586 Full Amount",Full Amount,0.97,arithmetic_reasoning,ASII,2021,math,ASII_2021_FinancialStatement_marker,ASII_2021_FinancialStatement_marker_chk0016
"For ASII in 2021, how did the ""Laba (rugi)"" (Profit (loss)) impact on ""Saldo laba yang belum ditentukan penggunaannya"" (Unappropriated retained earnings) compare to the ""Distribusi dividen kas"" (Distributions of cash dividends) impact on the same account?","1. Locate the row ""Laba (rugi)"" (Profit (loss)) and find the value under ""Saldo laba yang belum ditentukan penggunaannya"" (Unappropriated retained earnings), which is 20,196. This indicates an increase. 2. Locate the row ""Distribusi dividen kas"" (Distributions of cash dividends) and find the value under ""Saldo laba yang belum ditentukan penggunaannya"" (Unappropriated retained earnings), which is (5,344). This indicates a decrease. 3. Compare the magnitude and direction of these two impacts.","In 2021, the ""Laba (rugi)"" (Profit (loss)) increased ASII's ""Saldo laba yang belum ditentukan penggunaannya"" (Unappropriated retained earnings) by 20,196 Full Amount, which is a significantly larger positive impact compared to the ""Distribusi dividen kas"" (Distributions of cash dividends) which decreased it by 5,344 Full Amount.",Full Amount,0.95,comparative_trend,ASII,2021,math,ASII_2021_FinancialStatement_marker,ASII_2021_FinancialStatement_marker_chk0016
Apa yang dimaksud dengan 'Laba bersih' untuk ASII dalam Laporan Tahunan 2021?,Cari kalimat dalam 'Panduan Umum' yang secara eksplisit mendefinisikan istilah 'Laba bersih'.,"Dalam Laporan Tahunan 2021 ASII, 'Laba bersih' mengacu pada laba yang diatribusikan kepada pemilik entitas induk.",N/A,0.98,fact_extraction,ASII,2021,text,Astra-Annual-Report-2021_marker,ASII_2021_Astra_Annual_Report_2021_marker_chk0001
Bagaimana ASII mendefinisikan 'Grup' dan 'Grup Astra' dalam Laporan Tahunan 2021?,Temukan bagian dalam 'Panduan Umum' yang menjelaskan arti dari 'Grup' dan 'Grup Astra' dan rangkum definisinya.,"Dalam Laporan Tahunan 2021 ASII, 'Grup' dan 'Grup Astra' mengacu pada PT Astra International Tbk, anak perusahaan dan perusahaan afiliasinya.",N/A,0.97,summarization,ASII,2021,text,Astra-Annual-Report-2021_marker,ASII_2021_Astra_Annual_Report_2021_marker_chk0001
"Berdasarkan Laporan Tahunan 2021, apa risiko inheren yang terkait dengan pernyataan pandangan masa depan (*forward looking statements*) yang dibuat oleh ASII?",Identifikasi bagian yang membahas pernyataan pandangan masa depan dan analisis potensi risiko atau ketidakpastian yang disebutkan terkait dengan pernyataan tersebut.,"Berdasarkan Laporan Tahunan 2021, pernyataan-pernyataan yang dianggap sebagai pandangan masa depan (*forward looking statements*) oleh ASII memiliki prospek risiko dan ketidakpastian, sehingga kenyataan yang terjadi mungkin dapat secara material berbeda dengan apa yang terdapat dalam pernyataan tersebut.",N/A,0.96,logical_inference,ASII,2021,text,Astra-Annual-Report-2021_marker,ASII_2021_Astra_Annual_Report_2021_marker_chk0001
Apa nama roadmap spesifik yang diperkuat oleh ASII pada tahun 2021 untuk mengintegrasikan aspek lingkungan ke dalam strateginya?,"Temukan kalimat dalam teks yang membahas transisi ASII pada tahun 2021, keselarasan dengan isu keberlanjutan, dan roadmap spesifik yang disebutkan untuk integrasi lingkungan.","Pada tahun 2021, ASII memperkuat integrasi lingkungan dalam menjalankan strategi *Triple-P Roadmap*.",N/A,0.98,fact_extraction,ASII,2021,text,Astra-Annual-Report-2021_marker,ASII_2021_Astra_Annual_Report_2021_marker_chk0002
"Bagaimana ASII meningkatkan efisiensi dan keunggulan operasionalnya pada tahun 2021, berdasarkan konteks yang diberikan?","Identifikasi bagian yang menjelaskan tindakan ASII terkait efisiensi dan keunggulan operasional. Sintesiskan metode yang disebutkan, seperti digitalisasi, manajemen keuangan, dan pengembangan sumber daya manusia.","Pada tahun 2021, ASII meningkatkan efisiensi dan keunggulan operasional pada bisnisnya didukung oleh semangat digitalisasi, dengan tetap menerapkan manajemen keuangan yang disiplin dan hati-hati, serta pelatihan untuk membangun Insan Astra yang inovatif dan berjiwa pemimpin.",N/A,0.97,summarization,ASII,2021,text,Astra-Annual-Report-2021_marker,ASII_2021_Astra_Annual_Report_2021_marker_chk0002
"Berdasarkan konteks, mengapa ASII fokus pada pembentukan daya tahan organisasi yang kuat dan mengejar peluang pendapatan baru pada tahun 2021?",Analisis kalimat-kalimat awal yang menjelaskan tantangan yang dihadapi pada tahun 2021 (pandemi) dan hubungkan dengan tindakan ASII selanjutnya untuk membangun ketahanan dan mencari peluang baru. Simpulkan motivasi di balik tindakan-tindakan ini.,"ASII fokus pada pembentukan daya tahan organisasi terbaik dan pemanfaatan peluang pengembangan arus pendapatan baru pada tahun 2021 karena pandemi masih berlangsung dan berdampak pada seluruh kehidupan masyarakat, sehingga ASII bertekad untuk tetap teguh berkontribusi dan menunjang pertumbuhan berkelanjutan di tengah berbagai tantangan.",N/A,0.96,logical_inference,ASII,2021,text,Astra-Annual-Report-2021_marker,ASII_2021_Astra_Annual_Report_2021_marker_chk0002
"Berapakah Jumlah Aset untuk Drayton Pte., Ltd. pada tahun 2021?","Cari baris dengan nama entitas ""Drayton Pte., Ltd."" (No 1). Kemudian, temukan nilai di kolom ""Jumlah Aset"" pada baris tersebut.",1.702 MILYARAN IDR,MILYARAN IDR,0.98,direct_retrieval,ICBP,2021,math,ICBP_2021_FinancialStatement_marker,ICBP_2021_FinancialStatement_marker_chk0002
Berapakah total Jumlah Aset gabungan dari PT Indofood Fortuna Makmur dan PT Anugerah Indofood Barokah Makmur pada tahun 2021?,"Pertama, temukan nilai ""Jumlah Aset"" untuk PT Indofood Fortuna Makmur (No 4). Kedua, temukan nilai ""Jumlah Aset"" untuk PT Anugerah Indofood Barokah Makmur (No 8). Ketiga, jumlahkan kedua nilai tersebut (1.479 + 1.992).",3.471 MILYARAN IDR,MILYARAN IDR,0.97,arithmetic_reasoning,ICBP,2021,math,ICBP_2021_FinancialStatement_marker,ICBP_2021_FinancialStatement_marker_chk0002
Entitas manakah yang memiliki Persentase (%) kepemilikan lebih tinggi antara PT Surya Rengo Containers dan PT Indofood Tsukishima Sukses Makmur pada tahun 2021?,"Pertama, temukan nilai ""Persentase (%)"" untuk PT Surya Rengo Containers (No 3). Kedua, temukan nilai ""Persentase (%)"" untuk PT Indofood Tsukishima Sukses Makmur (No 5). Ketiga, bandingkan kedua persentase tersebut (60.0% vs 65.0%) untuk menentukan mana yang lebih tinggi.","PT Indofood Tsukishima Sukses Makmur memiliki persentase kepemilikan yang lebih tinggi yaitu 65.0%, dibandingkan dengan PT Surya Rengo Containers yang sebesar 60.0%.",%,0.96,comparative_trend,ICBP,2021,math,ICBP_2021_FinancialStatement_marker,ICBP_2021_FinancialStatement_marker_chk0002
What is the main industry of ICBP in 2021?,"To answer this, locate the row labeled 'Industri utama entitas' (Entity main industry) within the provided financial statement segment for ICBP in 2021 and extract the corresponding value.",Umum / General,Full Amount,0.98,direct_retrieval,ICBP,2021,math,ICBP_2021_FinancialStatement_marker,ICBP_2021_FinancialStatement_marker_chk0006
What is the difference in years between the current period end date and the prior year end date for ICBP in 2021?,"First, identify the 'Tanggal akhir periode berjalan' (Current period end date) which is December 31, 2021. Next, find the 'Tanggal akhir tahun sebelumnya' (Prior year end date) which is December 31, 2020. Calculate the difference in years between these two dates.",1 year,Full Amount,0.96,arithmetic_reasoning,ICBP,2021,math,ICBP_2021_FinancialStatement_marker,ICBP_2021_FinancialStatement_marker_chk0006
Did the audit firm for ICBP change between the prior year (2020) and the current year (2021)?,Locate the 'Auditor tahun berjalan' (Current year auditor) for 2021 and the 'Auditor tahun sebelumnya' (Prior year auditor) for 2020. Compare the names of these two audit firms to determine if there was a change.,"No, the audit firm remained Purwantono, Sungkoro & Surja for both the prior year (2020) and the current year (2021).",Full Amount,0.97,comparative_trend,ICBP,2021,math,ICBP_2021_FinancialStatement_marker,ICBP_2021_FinancialStatement_marker_chk0006
What was the total current assets for ICBP in 2021?,Locate the row labeled 'Jumlah aset lancar' (Total current assets) and find the value in the column corresponding to 2021.,"33,997,637 Full Amount",Full Amount,0.97,direct_retrieval,ICBP,2021,math,ICBP_2021_FinancialStatement_marker,ICBP_2021_FinancialStatement_marker_chk0011
Calculate the total trade receivables for ICBP in 2021.,"First, locate 'Piutang usaha pihak ketiga' (Trade receivables third parties) for 2021. Second, locate 'Piutang usaha pihak berelasi' (Trade receivables related parties) for 2021. Finally, sum these two values to get the total trade receivables.","6,400,930 Full Amount",Full Amount,0.96,arithmetic_reasoning,ICBP,2021,math,ICBP_2021_FinancialStatement_marker,ICBP_2021_FinancialStatement_marker_chk0011
Did ICBP's Total Liabilities increase or decrease from 2020 to 2021?,Locate the 'Jumlah liabilitas' (Total liabilities) for 2021 and 2020. Compare the value from 2021 with the value from 2020 to determine if there was an increase or decrease.,"ICBP's Total Liabilities increased from 53,270,272 Full Amount in 2020 to 63,342,765 Full Amount in 2021.",Full Amount,0.95,comparative_trend,ICBP,2021,math,ICBP_2021_FinancialStatement_marker,ICBP_2021_FinancialStatement_marker_chk0011
"Berapakah nilai ""Penjualan dan pendapatan usaha"" ICBP pada tahun 2021?","Untuk menemukan nilai ""Penjualan dan pendapatan usaha"" ICBP pada tahun 2021, cari baris dengan label ""Penjualan dan pendapatan usaha"" dan kolom yang sesuai dengan ""31 December 2021"".","Penjualan dan pendapatan usaha ICBP pada tahun 2021 adalah 56,803,733.",Full Amount,0.98,direct_retrieval,ICBP,2021,math,ICBP_2021_FinancialStatement_marker,ICBP_2021_FinancialStatement_marker_chk0013
"Berapakah selisih antara ""Jumlah laba bruto"" ICBP pada tahun 2021 dan 2020?","Pertama, temukan nilai ""Jumlah laba bruto"" untuk tahun 2021, yaitu 20,277,240. Kedua, temukan nilai ""Jumlah laba bruto"" untuk tahun 2020, yaitu 17,224,375. Ketiga, hitung selisihnya dengan mengurangkan nilai tahun 2020 dari nilai tahun 2021.","Selisih antara ""Jumlah laba bruto"" ICBP pada tahun 2021 (20,277,240) dan 2020 (17,224,375) adalah 3,052,865.",Full Amount,0.97,arithmetic_reasoning,ICBP,2021,math,ICBP_2021_FinancialStatement_marker,ICBP_2021_FinancialStatement_marker_chk0013
"Apakah ""Jumlah laba (rugi) sebelum pajak penghasilan"" ICBP mengalami peningkatan atau penurunan dari tahun 2020 ke tahun 2021?","Untuk menentukan apakah ""Jumlah laba (rugi) sebelum pajak penghasilan"" ICBP meningkat atau menurun, bandingkan nilai untuk tahun 2021 dengan nilai untuk tahun 2020. Nilai untuk tahun 2021 adalah 9,935,232 dan untuk tahun 2020 adalah 9,958,647.","""Jumlah laba (rugi) sebelum pajak penghasilan"" ICBP mengalami penurunan dari 9,958,647 pada tahun 2020 menjadi 9,935,232 pada tahun 2021.",Full Amount,0.96,comparative_trend,ICBP,2021,math,ICBP_2021_FinancialStatement_marker,ICBP_2021_FinancialStatement_marker_chk0013
What global challenges did ICBP face in 2021?,Locate the sentence in the text that explicitly mentions the global challenges ICBP encountered during the specified year.,"In 2021, ICBP faced global challenges due to the prolonged pandemic and soaring commodity prices.",N/A,0.98,fact_extraction,ICBP,2021,text,ICBP-Annual-Report-2021_marker,ICBP-Annual-Report-2021_marker_chk0000
How does the text describe ICBP's overall market standing and financial outcome in 2021?,Synthesize the information from the text that describes ICBP's position in the market and its financial performance for the year 2021.,"In 2021, ICBP maintained its position as market leader in most of its product categories, remaining one of the largest instant noodle manufacturers in the world, and successfully delivered a solid financial performance.",N/A,0.97,summarization,ICBP,2021,text,ICBP-Annual-Report-2021_marker,ICBP-Annual-Report-2021_marker_chk0000
"Based on the text, what key strengths enabled ICBP to deliver a solid financial performance in 2021 despite global challenges?","First, identify the global challenges mentioned. Then, find the specific attributes or strategies ICBP championed that are stated to have led to its successful financial performance. Connect these elements to form the answer.","Despite global challenges in 2021, ICBP was able to deliver a solid financial performance by championing its strong brand portfolio and equity, extensive manufacturing capabilities, and vast distribution network, all supported by its well-integrated business model.",N/A,0.96,logical_inference,ICBP,2021,text,ICBP-Annual-Report-2021_marker,ICBP-Annual-Report-2021_marker_chk0000
What page number contains the 'Financial Highlights' section for ICBP in its 2021 annual report?,"To find the answer, locate the entry 'Financial Highlights' or its Indonesian equivalent 'Ikhtisar Keuangan' in the provided table of contents. The number listed next to it is the page number.",The 'Financial Highlights' section for ICBP in its 2021 annual report is located on page 8.,N/A,0.98,fact_extraction,ICBP,2021,text,ICBP-Annual-Report-2021_marker,ICBP-Annual-Report-2021_marker_chk0002
"Which specific product categories are covered under the 'Operational Review' section in ICBP's 2021 annual report, and on what pages can each be found?","First, find the main section titled 'Operational Review' (Ulasan Kinerja Operasional). Then, identify all the sub-sections listed directly beneath it that represent specific product categories. For each category, extract its name and the corresponding page number.","The 'Operational Review' section in ICBP's 2021 annual report covers the following product categories: Noodles (Mi Instan) on page 46, Dairy on page 56, Snack Foods (Makanan Ringan) on page 64, Food Seasonings (Penyedap Makanan) on page 72, Nutrition & Special Foods (Nutrisi & Makanan Khusus) on page 80, Beverages (Minuman) on page 88, and Packaging on page 96.",N/A,0.97,summarization,ICBP,2021,text,ICBP-Annual-Report-2021_marker,ICBP-Annual-Report-2021_marker_chk0002
"Based on the structure of the table of contents for ICBP's 2021 annual report, what can be inferred about the company's focus on corporate governance and social responsibility?",Locate the sections related to 'Corporate Governance' and 'Corporate Social and Environmental Responsibility'. Note their presence and the existence of specific sub-reports like 'Audit Committee Report'. The inclusion and dedicated sections for these topics allow for an inference about their importance to the company.,"The table of contents for ICBP's 2021 annual report includes dedicated sections for 'Corporate Governance' (page 104), 'Audit Committee Report' (page 130), and 'Corporate Social and Environmental Responsibility' (page 142). The explicit inclusion and separate detailing of these sections suggest that ICBP places a significant focus on robust corporate governance practices and its social and environmental responsibilities.",N/A,0.95,logical_inference,ICBP,2021,text,ICBP-Annual-Report-2021_marker,ICBP-Annual-Report-2021_marker_chk0002
Berapakah jumlah aset lancar UNVR pada tahun 2021?,"Locate the row labeled 'Jumlah aset lancar' (Total current assets). Then, find the value in the column corresponding to '31 December 2021'.","Jumlah aset lancar UNVR pada tahun 2021 adalah 7,642,208.",Full Amount,0.97,direct_retrieval,UNVR,2021,math,UNVR_2021_FinancialStatement_marker,UNVR_2021_FinancialStatement_marker_chk0011
Berapakah selisih antara jumlah liabilitas jangka pendek UNVR pada 31 Desember 2020 dan 31 Desember 2021?,"Locate the row 'Jumlah liabilitas jangka pendek'. Extract the value for '31 December 2020' (13,357,536) and '31 December 2021' (12,445,152). Subtract the 2021 value from the 2020 value.","Selisih antara jumlah liabilitas jangka pendek UNVR pada 31 Desember 2020 dan 31 Desember 2021 adalah 912,384.",Full Amount,0.96,arithmetic_reasoning,UNVR,2021,math,UNVR_2021_FinancialStatement_marker,UNVR_2021_FinancialStatement_marker_chk0011
Bagaimana tren jumlah aset UNVR dari tahun 2020 ke tahun 2021?,"Locate the row 'Jumlah aset' (Total assets). Compare the value for '31 December 2021' (19,068,532) with the value for '31 December 2020' (20,534,632). Determine if the value increased or decreased.","Jumlah aset UNVR mengalami penurunan dari 20,534,632 pada 31 Desember 2020 menjadi 19,068,532 pada 31 Desember 2021.",Full Amount,0.95,comparative_trend,UNVR,2021,math,UNVR_2021_FinancialStatement_marker,UNVR_2021_FinancialStatement_marker_chk0011
Berapakah jumlah laba bruto UNVR pada 31 Desember 2021?,"Untuk menemukan jumlah laba bruto UNVR pada 31 Desember 2021, cari baris 'Jumlah laba bruto' dan ambil nilai yang tertera di kolom '31 December 2021'.","19,626,387",Full Amount,0.98,direct_retrieval,UNVR,2021,math,UNVR_2021_FinancialStatement_marker,UNVR_2021_FinancialStatement_marker_chk0013
Berapakah selisih antara Beban penjualan UNVR pada 31 Desember 2020 dan 31 Desember 2021?,"Pertama, temukan nilai 'Beban penjualan' untuk 31 Desember 2020, yaitu (8,628,647). Kedua, temukan nilai 'Beban penjualan' untuk 31 Desember 2021, yaitu (7,864,452). Ketiga, hitung selisih absolut antara kedua nilai tersebut: |(8,628,647)| - |(7,864,452)|.","Selisih Beban penjualan UNVR antara 31 Desember 2020 dan 31 Desember 2021 adalah 764,195.",Full Amount,0.96,arithmetic_reasoning,UNVR,2021,math,UNVR_2021_FinancialStatement_marker,UNVR_2021_FinancialStatement_marker_chk0013
Apakah Pendapatan keuangan UNVR meningkat atau menurun pada 31 Desember 2021 dibandingkan dengan 31 Desember 2020?,"Untuk menentukan tren Pendapatan keuangan UNVR, bandingkan nilai 'Pendapatan keuangan' pada 31 Desember 2021 dengan nilai pada 31 Desember 2020. Nilai 2021 adalah 2,017 dan nilai 2020 adalah 4,647. Bandingkan kedua angka tersebut.","Pendapatan keuangan UNVR menurun pada 31 Desember 2021 (2,017) dibandingkan dengan 31 Desember 2020 (4,647).",Full Amount,0.97,comparative_trend,UNVR,2021,math,UNVR_2021_FinancialStatement_marker,UNVR_2021_FinancialStatement_marker_chk0013
Berapakah nilai Saham biasa (Common stocks) UNVR pada akhir periode tahun 2021?,"Untuk menemukan nilai Saham biasa (Common stocks) UNVR pada akhir periode tahun 2021, cari baris 'Posisi ekuitas, akhir periode' (Equity position, end of the period) dan kolom 'Saham biasa' (Common stocks). Nilai yang berada di persimpangan tersebut adalah jawabannya.","76,300",Full Amount,0.97,direct_retrieval,UNVR,2021,math,UNVR_2021_FinancialStatement_marker,UNVR_2021_FinancialStatement_marker_chk0016
"Berapakah perubahan bersih pada Saldo laba yang belum ditentukan penggunaannya (Unappropriated retained earnings) UNVR di tahun 2021, dengan mempertimbangkan Laba (rugi), Pendapatan komprehensif lainnya, dan Distribusi dividen kas?","Untuk menghitung perubahan bersih pada Saldo laba yang belum ditentukan penggunaannya, pertama-tama identifikasi nilai 'Laba (rugi)' (Profit (loss)) yaitu 5,758,148. Kemudian, temukan 'Pendapatan komprehensif lainnya' (Other comprehensive income) yaitu (41,347). Selanjutnya, cari 'Distribusi dividen kas' (Distributions of cash dividends) yaitu (6,332,900). Jumlahkan ketiga nilai ini: 5,758,148 + (-41,347) + (-6,332,900).","-616,099",Full Amount,0.96,arithmetic_reasoning,UNVR,2021,math,UNVR_2021_FinancialStatement_marker,UNVR_2021_FinancialStatement_marker_chk0016
Apakah Ekuitas yang dapat diatribusikan kepada entitas induk (Equity attributable to parent entity) UNVR meningkat atau menurun dari awal hingga akhir periode di tahun 2021?,"Untuk menentukan apakah Ekuitas yang dapat diatribusikan kepada entitas induk meningkat atau menurun, bandingkan nilai pada awal periode dengan nilai pada akhir periode. Temukan nilai 'Ekuitas yang dapat diatribusikan kepada entitas induk' untuk 'Posisi ekuitas, awal periode' yaitu 4,937,368. Kemudian, temukan nilai untuk 'Posisi ekuitas, akhir periode' yaitu 4,321,269. Bandingkan kedua nilai tersebut.","Ekuitas yang dapat diatribusikan kepada entitas induk UNVR menurun dari 4,937,368 pada awal periode menjadi 4,321,269 pada akhir periode tahun 2021.",Full Amount,0.95,comparative_trend,UNVR,2021,math,UNVR_2021_FinancialStatement_marker,UNVR_2021_FinancialStatement_marker_chk0016
Berapakah nilai Ekuitas yang dapat diatribusikan kepada entitas induk UNVR pada akhir periode tahun 2021?,"Untuk menemukan nilai ini, cari baris 'Posisi ekuitas, akhir periode' dan kolom 'Ekuitas yang dapat diatribusikan kepada entitas induk' dalam tabel. Nilai yang berpotongan adalah jawabannya.","4,937,368 Full Amount",Full Amount,0.98,direct_retrieval,UNVR,2021,math,UNVR_2021_FinancialStatement_marker,UNVR_2021_FinancialStatement_marker_chk0019
"Berapakah total dampak kumulatif dari Laba (rugi), Pendapatan komprehensif lainnya, dan Distribusi dividen kas terhadap Saldo laba yang belum ditentukan penggunaannya UNVR pada tahun 2021?","Identifikasi nilai 'Laba (rugi)', 'Pendapatan komprehensif lainnya', dan 'Distribusi dividen kas' dari kolom 'Saldo laba yang belum ditentukan penggunaannya'. Jumlahkan ketiga nilai tersebut untuk mendapatkan total dampaknya.","-344,494 Full Amount",Full Amount,0.97,arithmetic_reasoning,UNVR,2021,math,UNVR_2021_FinancialStatement_marker,UNVR_2021_FinancialStatement_marker_chk0019
Bagaimana perubahan nilai Ekuitas UNVR dari awal periode hingga akhir periode pada tahun 2021?,"Temukan nilai 'Ekuitas' pada baris 'Posisi ekuitas, awal periode' dan 'Posisi ekuitas, akhir periode'. Bandingkan kedua nilai ini untuk menentukan apakah terjadi peningkatan atau penurunan.","Ekuitas UNVR mengalami penurunan dari 5,281,862 Full Amount pada awal periode menjadi 4,937,368 Full Amount pada akhir periode tahun 2021.",Full Amount,0.96,comparative_trend,UNVR,2021,math,UNVR_2021_FinancialStatement_marker,UNVR_2021_FinancialStatement_marker_chk0019
What specifically supports UNVR's clear and directed strategies and priorities in 2021?,Locate the sentence in the text that describes what supports the company's strategies and priorities. Extract the specific elements mentioned.,"In 2021, UNVR's clear and directed strategies and priorities are supported by its experience, infrastructure, and team that understands the intricacies of the Indonesian market.",N/A,0.98,fact_extraction,UNVR,2021,text,UNVR-Annual-Report-2021_marker,UNVR-Annual-Report-2021_marker_chk0003
How does UNVR describe its long-term business growth objectives in 2021 amidst the challenging times?,Find the statement that outlines UNVR's efforts to build its business for long-term growth. Synthesize the key characteristics of this growth as described.,"In 2021, UNVR describes its long-term business growth objectives as striving to build a business for growth that is consistent, competitive, profitable, and responsible.",N/A,0.97,summarization,UNVR,2021,text,UNVR-Annual-Report-2021_marker,UNVR-Annual-Report-2021_marker_chk0003
"Based on the text, why did UNVR create products that fit the needs during the pandemic in 2021?","Identify the statement about creating products for pandemic needs. Then, connect this action to the overall context of the challenging times and the company's strategic goals mentioned in the surrounding text. Infer the reason for this product focus.","In 2021, UNVR created products that fit the needs during the pandemic because it was operating ""Di masa yang penuh tantangan ini, dengan berlanjutnya pandemi COVID-19"" (In these challenging times, with the ongoing COVID-19 pandemic), and this was part of its strategy to build business for growth and recovery.",N/A,0.96,logical_inference,UNVR,2021,text,UNVR-Annual-Report-2021_marker,UNVR-Annual-Report-2021_marker_chk0003
"According to UNVR's 2021 annual report, what was the theme for 2018?","Locate the section titled 'Kesinambungan Tema' or 'Theme Continuity'. Within this section, find the specific entry for the year 2018 and extract both the English and Indonesian themes provided.","According to UNVR's 2021 annual report, the theme for 2018 was 'TRANSFORMING FOR A SUSTAINABLE FUTURE' (ERTRANSFORMASI NTUK MASA DEPAN ERKELANJUTAN).",N/A,0.98,fact_extraction,UNVR,2021,text,UNVR-Annual-Report-2021_marker,UNVR-Annual-Report-2021_marker_chk0004
"Based on UNVR's 2021 annual report, how does the company describe its 'Theme Continuity' for the years 2017-2019?","Identify the main heading 'Kesinambungan Tema' and then synthesize the themes provided for 2017, 2018, and 2019. Combine these individual themes into a concise description of the overall continuity or progression.","Based on UNVR's 2021 annual report, its 'Theme Continuity' for 2017-2019 describes an evolving focus on sustainability and future readiness. In 2017, the theme was 'BUILDING A SUSTAINABLE FUTURE EVERY DAY', which progressed in 2018 to 'TRANSFORMING FOR A SUSTAINABLE FUTURE'. By 2019, the theme expanded to 'PURPOSE-LED, FUTURE FIT TOGETHER STRONGER ON THE RIGHT PATH WITH THE NATION TO RECOVER', emphasizing purpose, relevance, competitiveness, and national recovery.",N/A,0.96,summarization,UNVR,2021,text,UNVR-Annual-Report-2021_marker,UNVR-Annual-Report-2021_marker_chk0004
"Based on UNVR's 2021 annual report, what underlying strategic shift can be inferred from the evolution of its 'Theme Continuity' from 2017 to 2019?","Analyze the progression of themes from 2017 ('BUILDING A SUSTAINABLE FUTURE EVERY DAY'), to 2018 ('TRANSFORMING FOR A SUSTAINABLE FUTURE'), and finally to 2019 ('PURPOSE-LED, FUTURE FIT TOGETHER STRONGER ON THE RIGHT PATH WITH THE NATION TO RECOVER'). Identify the key changes in focus or emphasis across these years to infer a broader strategic direction.","Based on UNVR's 2021 annual report, the evolution of its 'Theme Continuity' from 2017 to 2019 suggests a strategic shift from foundational efforts in sustainability to a more dynamic, purpose-driven, and externally-oriented approach. Initially focused on 'building' and then 'transforming' for sustainability, the 2019 theme indicates a broader emphasis on being 'purpose-led' and 'future-fit,' while also explicitly aligning with national recovery efforts, implying an adaptation to broader societal and economic contexts beyond internal sustainability initiatives.",N/A,0.95,logical_inference,UNVR,2021,text,UNVR-Annual-Report-2021_marker,UNVR-Annual-Report-2021_marker_chk0004
What is the type of auditor's opinion for ADRO in 2021?,Locate the row labeled 'Jenis opini auditor' (Type of auditor's opinion) and extract the corresponding value for ADRO in 2021.,Wajar Tanpa Pengecualian / Unqualified,Full Amount,0.98,direct_retrieval,ADRO,2021,math,ADRO_2021_FinancialStatement_marker,ADRO_2021_FinancialStatement_marker_chk0006
"For ADRO in 2021, what is the sum of its sector code and the number of years the audit signing partner has served?",1. Locate the row labeled 'Sektor' (Sector) and identify its numerical value. 2. Locate the row labeled 'Lama tahun penugasan partner yang menandatangani' (Number of years served as audit signing partner) and identify its numerical value. 3. Add these two numerical values together.,5,Full Amount,0.95,arithmetic_reasoning,ADRO,2021,math,ADRO_2021_FinancialStatement_marker,ADRO_2021_FinancialStatement_marker_chk0006
Did the auditor for ADRO change between the prior year and the current year in 2021?,1. Locate the value for 'Auditor tahun berjalan' (Current year auditor). 2. Locate the value for 'Auditor tahun sebelumnya' (Prior year auditor). 3. Compare these two values to determine if there was a change for ADRO in 2021.,"No, the auditor remained Tanudiredja, Wibisana, Rintis & Rekan for both the current year and the prior year.",Full Amount,0.97,comparative_trend,ADRO,2021,math,ADRO_2021_FinancialStatement_marker,ADRO_2021_FinancialStatement_marker_chk0006
What was ADRO's Total current assets in 2021?,Locate the row labeled 'Jumlah aset lancar' (Total current assets) and find the corresponding value in the column for '31 December 2021'.,"2,838,132",Full Amount,0.98,direct_retrieval,ADRO,2021,math,ADRO_2021_FinancialStatement_marker,ADRO_2021_FinancialStatement_marker_chk0011
Calculate the difference in ADRO's Cash and cash equivalents between 2021 and 2020.,"First, find the value for 'Kas dan setara kas' (Cash and cash equivalents) for 31 December 2021. Then, find the value for 'Kas dan setara kas' for 31 December 2020. Subtract the 2020 value from the 2021 value to find the difference.","The difference is 637,438 (1,811,141 - 1,173,703).",Full Amount,0.97,arithmetic_reasoning,ADRO,2021,math,ADRO_2021_FinancialStatement_marker,ADRO_2021_FinancialStatement_marker_chk0011
Did ADRO's Total current liabilities increase or decrease from 2020 to 2021?,Locate the value for 'Jumlah liabilitas jangka pendek' (Total current liabilities) for 31 December 2020 and 31 December 2021. Compare these two values to determine the trend.,"ADRO's Total current liabilities increased from 1,144,923 in 2020 to 1,361,558 in 2021.",Full Amount,0.96,comparative_trend,ADRO,2021,math,ADRO_2021_FinancialStatement_marker,ADRO_2021_FinancialStatement_marker_chk0011
What was ADRO's total non-current liabilities in 2021?,"To find ADRO's total non-current liabilities in 2021, locate the row labeled 'Jumlah liabilitas jangka panjang' (Total non-current liabilities) and extract the corresponding value from the 2021 column.","1,767,063 Full Amount",Full Amount,0.98,direct_retrieval,ADRO,2021,math,ADRO_2021_FinancialStatement_marker,ADRO_2021_FinancialStatement_marker_chk0013
Calculate the combined amount of ADRO's long-term bank loans and long-term finance lease liabilities in 2021.,"First, locate the value for 'Liabilitas jangka panjang atas utang bank' (Long-term bank loans) for 2021. This is 550,594. Next, locate the value for 'Liabilitas jangka panjang atas liabilitas sewa pembiayaan' (Long-term finance lease liabilities) for 2021. This is 42,271. Finally, add these two values together: 550,594 + 42,271.","592,865 Full Amount",Full Amount,0.97,arithmetic_reasoning,ADRO,2021,math,ADRO_2021_FinancialStatement_marker,ADRO_2021_FinancialStatement_marker_chk0013
Did ADRO's total equity increase or decrease in 2021 compared to the previous year?,"To determine the trend, first identify the 'Jumlah ekuitas' (Total equity) for 2021, which is 4,458,315. Then, identify the 'Jumlah ekuitas' for the previous year (implied 2020 from the second column), which is 3,951,714. Compare these two values: 4,458,315 (2021) versus 3,951,714 (2020).","ADRO's total equity increased in 2021 (4,458,315) compared to the previous year (3,951,714).",Full Amount,0.96,comparative_trend,ADRO,2021,math,ADRO_2021_FinancialStatement_marker,ADRO_2021_FinancialStatement_marker_chk0013
What was ADRO's Total gross profit in 2021?,"To find ADRO's Total gross profit in 2021, locate the row labeled ""Jumlah laba bruto"" (Total gross profit) in the provided financial statement. The value in the column corresponding to 2021 is the answer.","1,769,746 Full Amount",Full Amount,0.98,direct_retrieval,ADRO,2021,math,ADRO_2021_FinancialStatement_marker,ADRO_2021_FinancialStatement_marker_chk0015
Calculate the difference between ADRO's Sales and revenue and its Cost of sales and revenue in 2021.,"1. Locate the row ""Penjualan dan pendapatan usaha"" (Sales and revenue) and extract its value for 2021. This is 3,992,718.
2. Locate the row ""Beban pokok penjualan dan pendapatan"" (Cost of sales and revenue) and extract its value for 2021. This is (2,222,972).
3. Subtract the absolute value of Cost of sales and revenue from Sales and revenue: 3,992,718 - 2,222,972.","The difference is 1,769,746 Full Amount.",Full Amount,0.97,arithmetic_reasoning,ADRO,2021,math,ADRO_2021_FinancialStatement_marker,ADRO_2021_FinancialStatement_marker_chk0015
Did ADRO's Total profit (loss) before tax increase or decrease in 2021 compared to the previous year?,"1. Find the row ""Jumlah laba (rugi) sebelum pajak penghasilan"" (Total profit (loss) before tax).
2. Identify the value for 2021, which is 1,486,251.
3. Identify the value for the previous year (the second numerical column), which is 222,165.
4. Compare these two values to determine if there was an increase or decrease.","ADRO's Total profit (loss) before tax increased in 2021 compared to the previous year (1,486,251 vs 222,165).",Full Amount,0.96,comparative_trend,ADRO,2021,math,ADRO_2021_FinancialStatement_marker,ADRO_2021_FinancialStatement_marker_chk0015
What was the theme of ADRO's 2021 Annual Report?,Locate the sentence in the provided text that explicitly states the theme for ADRO's 2021 Annual Report.,"The theme of ADRO's 2021 Annual Report was ""Shaping a Sustainable Future through Diversification.""",N/A,0.98,fact_extraction,ADRO,2021,text,ADRO-Annual-Report-2021_marker,ADRO-Annual-Report-2021_marker_chk0000
How does ADRO describe the composition of its businesses in 2021?,Identify the sentence in the text that details the types of businesses ADRO consists of and summarize this information.,"In 2021, ADRO's businesses consist of coal mining and non-coal mining businesses.",N/A,0.97,summarization,ADRO,2021,text,ADRO-Annual-Report-2021_marker,ADRO-Annual-Report-2021_marker_chk0000
"Based on the 2021 Annual Report, what does ADRO's theme ""Shaping a Sustainable Future through Diversification"" imply about its business focus?","Analyze the stated theme ""Shaping a Sustainable Future through Diversification"" and connect it with the description of ADRO's business composition (coal mining and non-coal mining businesses) and the mention of moving into ""more sustainable ventures."" Infer the strategic direction implied by ""diversification"" in the context of achieving a sustainable future.","ADRO's 2021 theme ""Shaping a Sustainable Future through Diversification"" implies a strategic business focus on expanding beyond its traditional coal mining operations into non-coal mining businesses and other more sustainable ventures, as a means to build a resilient and sustainable future.",N/A,0.95,logical_inference,ADRO,2021,text,ADRO-Annual-Report-2021_marker,ADRO-Annual-Report-2021_marker_chk0000
What section in ADRO's 2021 annual report specifically addresses its share price?,Locate the section title that explicitly mentions 'Share Price' along with the year 2021.,The section in ADRO's 2021 annual report that specifically addresses its share price is 'ADRO Share Price 2021'.,N/A,0.99,fact_extraction,ADRO,2021,text,ADRO-Annual-Report-2021_marker,ADRO-Annual-Report-2021_marker_chk0002
What is the main purpose of the section titled 'Why Invest in Adaro Energy Indonesia?' in ADRO's 2021 annual report?,Identify the section title 'Why Invest in Adaro Energy Indonesia?' and explain its core objective based on the explicit wording.,The main purpose of the section titled 'Why Invest in Adaro Energy Indonesia?' in ADRO's 2021 annual report is to articulate and present the compelling reasons and benefits for potential investors to consider investing in ADRO.,N/A,0.95,summarization,ADRO,2021,text,ADRO-Annual-Report-2021_marker,ADRO-Annual-Report-2021_marker_chk0002
"Based on the listed sections in ADRO's 2021 annual report, which sections would be most relevant for an individual evaluating ADRO as a potential investment?",Review all the listed section titles and infer which ones would provide critical information for an investor's decision-making process.,"Based on the listed sections in ADRO's 2021 annual report, the sections most relevant for an individual evaluating ADRO as a potential investment would be 'ADRO Share Price 2021', 'Why Invest in Adaro Energy Indonesia?', and 'Corporate Profile'.",N/A,0.95,logical_inference,ADRO,2021,text,ADRO-Annual-Report-2021_marker,ADRO-Annual-Report-2021_marker_chk0002
What was the Jumlah Aset for PT Kitadin in 2021?,Locate the row corresponding to 'PT Kitadin'. Find the value in the 'Jumlah Aset' column for that row.,126.510 RIBUAN USD,RIBUAN USD,0.98,direct_retrieval,ITMG,2021,math,ITMG_2021_FinancialStatement_marker,ITMG_2021_FinancialStatement_marker_chk0002
What is the combined Jumlah Aset for PT Indominco Mandiri (IMM) and PT Trubaindo Coal Mining (TCM) in 2021?,"1. Locate the row for 'PT Indominco Mandiri (IMM)' and extract its 'Jumlah Aset'.
2. Locate the row for 'PT Trubaindo Coal Mining (TCM)' and extract its 'Jumlah Aset'.
3. Add these two values together.",891.689 RIBUAN USD,RIBUAN USD,0.97,arithmetic_reasoning,ITMG,2021,math,ITMG_2021_FinancialStatement_marker,ITMG_2021_FinancialStatement_marker_chk0002
"Among the entities primarily involved in 'Penambangan batubara / coal mining', which one had the highest Jumlah Aset in 2021?","1. Identify all entities whose 'Kegiatan Usaha' is related to 'Penambangan batubara' or 'coal mining'.
2. List their respective 'Jumlah Aset' values:
   - PT Graha Panca Karsa: 3.100
   - PT Indominco Mandiri (IMM): 443.226
   - PT Trubaindo Coal Mining (TCM): 448.463
   - PT Jorong Barutama Greston (JBG): 42.653
   - PT Bharinto Ekatama (BEK): 341.681
   - PT Kitadin: 126.510
   - PT Tepian Indah Sukses: 4.485
   - PT Nusa Persada Resources: 18.696
3. Compare these values to determine the highest.",PT Trubaindo Coal Mining (TCM) had the highest Jumlah Aset with 448.463 RIBUAN USD.,RIBUAN USD,0.95,comparative_trend,ITMG,2021,math,ITMG_2021_FinancialStatement_marker,ITMG_2021_FinancialStatement_marker_chk0002
Berapakah nilai Kas dan setara kas untuk ITMG pada tahun 2021?,"Untuk menemukan nilai Kas dan setara kas untuk ITMG pada tahun 2021, cari baris 'Kas dan setara kas' di bawah 'Aset lancar' dan lihat kolom '31 December 2021'.","Nilai Kas dan setara kas untuk ITMG pada tahun 2021 adalah 690,970.",Full Amount,0.97,direct_retrieval,ITMG,2021,math,ITMG_2021_FinancialStatement_marker,ITMG_2021_FinancialStatement_marker_chk0011
Berapakah total Piutang usaha untuk ITMG pada tahun 2021?,"Untuk menghitung total Piutang usaha untuk ITMG pada tahun 2021, Anda perlu menjumlahkan 'Piutang usaha pihak ketiga' dan 'Piutang usaha pihak berelasi' dari kolom '31 December 2021'.
1. Temukan nilai 'Piutang usaha pihak ketiga' pada tahun 2021.
2. Temukan nilai 'Piutang usaha pihak berelasi' pada tahun 2021.
3. Jumlahkan kedua nilai tersebut.","Total Piutang usaha untuk ITMG pada tahun 2021 adalah 186,814 (175,429 + 11,385).",Full Amount,0.96,arithmetic_reasoning,ITMG,2021,math,ITMG_2021_FinancialStatement_marker,ITMG_2021_FinancialStatement_marker_chk0011
Apakah Jumlah aset lancar ITMG mengalami peningkatan atau penurunan dari tahun 2020 ke tahun 2021?,"Untuk menentukan apakah Jumlah aset lancar ITMG mengalami peningkatan atau penurunan, bandingkan nilai 'Jumlah aset lancar' pada '31 December 2021' dengan nilai pada '31 December 2020'.
1. Temukan 'Jumlah aset lancar' untuk tahun 2021.
2. Temukan 'Jumlah aset lancar' untuk tahun 2020.
3. Bandingkan kedua nilai tersebut untuk melihat apakah ada peningkatan atau penurunan.","Jumlah aset lancar ITMG mengalami peningkatan dari 409,638 pada tahun 2020 menjadi 988,024 pada tahun 2021.",Full Amount,0.95,comparative_trend,ITMG,2021,math,ITMG_2021_FinancialStatement_marker,ITMG_2021_FinancialStatement_marker_chk0011
What are the numerical values listed for Other non-current financial liabilities for ITMG in 2021?,"Locate the financial line item ""Other non-current financial liabilities"" (or ""Liabilitas keuangan jangka panjang lainnya"") within the provided context for ITMG in 2021. Extract all numerical values directly associated with this line item.","The numerical values listed are 1,097 and 4,409.",Full Amount,0.95,direct_retrieval,ITMG,2021,math,ITMG_2021_FinancialStatement_marker,ITMG_2021_FinancialStatement_marker_chk0012
Calculate the sum of the two numerical values associated with Other non-current financial liabilities for ITMG in 2021.,"First, identify the two numerical values listed for ""Other non-current financial liabilities"" for ITMG in 2021, which are 1,097 and 4,409. Then, add these two values together to find their sum.","The sum is 1,097 + 4,409 = 5,506.",Full Amount,0.95,arithmetic_reasoning,ITMG,2021,math,ITMG_2021_FinancialStatement_marker,ITMG_2021_FinancialStatement_marker_chk0012
"For ITMG in 2021, which of the two numerical values listed for Other non-current financial liabilities is the larger amount?","Identify the two numerical values listed for ""Other non-current financial liabilities"" for ITMG in 2021, which are 1,097 and 4,409. Compare these two numbers to determine which one is greater.","The larger amount is 4,409.",Full Amount,0.95,comparative_trend,ITMG,2021,math,ITMG_2021_FinancialStatement_marker,ITMG_2021_FinancialStatement_marker_chk0012
Berapakah jumlah laba bruto ITMG pada tahun 2021?,"Untuk menemukan jumlah laba bruto ITMG pada tahun 2021, cari baris 'Jumlah laba bruto' dan ambil nilai yang sesuai di kolom tahun 2021.","Jumlah laba bruto ITMG pada tahun 2021 adalah 916,533 Full Amount.",Full Amount,0.98,direct_retrieval,ITMG,2021,math,ITMG_2021_FinancialStatement_marker,ITMG_2021_FinancialStatement_marker_chk0014
Berapakah selisih antara penjualan dan pendapatan usaha dengan beban pokok penjualan dan pendapatan ITMG pada tahun 2021?,"Untuk menghitung selisihnya, pertama temukan nilai 'Penjualan dan pendapatan usaha' untuk tahun 2021. Kemudian, temukan nilai 'Beban pokok penjualan dan pendapatan' untuk tahun 2021. Kurangkan beban pokok penjualan dan pendapatan dari penjualan dan pendapatan usaha.","Penjualan dan pendapatan usaha ITMG pada tahun 2021 adalah 2,076,813 Full Amount dan beban pokok penjualan dan pendapatan adalah 1,160,280 Full Amount. Selisihnya adalah 2,076,813 - 1,160,280 = 916,533 Full Amount.",Full Amount,0.97,arithmetic_reasoning,ITMG,2021,math,ITMG_2021_FinancialStatement_marker,ITMG_2021_FinancialStatement_marker_chk0014
Apakah laba (rugi) dari operasi yang dilanjutkan ITMG meningkat atau menurun pada tahun 2021 dibandingkan dengan tahun 2020?,"Untuk menentukan tren, bandingkan nilai 'Jumlah laba (rugi) dari operasi yang dilanjutkan' untuk tahun 2021 dengan nilai untuk tahun 2020. Jika nilai 2021 lebih besar dari 2020, maka meningkat; jika lebih kecil, maka menurun.","Jumlah laba (rugi) dari operasi yang dilanjutkan ITMG pada tahun 2021 adalah 475,390 Full Amount, sedangkan pada tahun 2020 adalah 37,828 Full Amount. Karena 475,390 lebih besar dari 37,828, maka laba (rugi) dari operasi yang dilanjutkan ITMG meningkat pada tahun 2021 dibandingkan dengan tahun 2020.",Full Amount,0.96,comparative_trend,ITMG,2021,math,ITMG_2021_FinancialStatement_marker,ITMG_2021_FinancialStatement_marker_chk0014
What core message regarding national and societal growth did ITMG emphasize in 2021?,Locate the sentence in the first paragraph that explicitly states a fundamental message about the condition required for a nation's and society's growth.,"In 2021, ITMG emphasized the core message: ""Pertumbuhan suatu negara dan masyarakatnya hanya dapat berlangsung pada planet yang terpelihara dengan baik.""",N/A,0.98,fact_extraction,ITMG,2021,text,ITMG-Annual-Report-2021_marker,ITMG-Annual-Report-2021_marker_chk0001
How did ITMG describe its approach to adapting its business towards global sustainability in 2021?,Identify the paragraph that discusses ITMG's new vision and mission launched in 2021 and how it adapted its business. Synthesize the methods mentioned for achieving this adaptation.,"In 2021, ITMG adapted its business towards global sustainability, starting with a new vision and mission launched at the beginning of the year. This adaptation was enabled by wise management and an agile mindset, allowing ITMG to seize significant opportunities.",N/A,0.97,summarization,ITMG,2021,text,ITMG-Annual-Report-2021_marker,ITMG-Annual-Report-2021_marker_chk0001
"Based on the text, what dual strategic objectives did ITMG pursue in 2021 by leveraging the recovery of the global energy market?",Find the section that describes ITMG utilizing the momentum from the global energy market recovery. Identify the two main outcomes or goals ITMG aimed to achieve through this leverage.,"In 2021, by leveraging the significant momentum from the strengthening global energy market recovery, ITMG pursued dual strategic objectives: first, to sustain its position as an energy company consistently distributing dividends, and second, to develop a roadmap for its transition to renewable energy, including expanding its portfolio into solar energy, driven by innovation and technology.",N/A,0.96,logical_inference,ITMG,2021,text,ITMG-Annual-Report-2021_marker,ITMG-Annual-Report-2021_marker_chk0001
What specific new energy source did ITMG begin to focus on in 2021 to broaden its energy portfolio?,Locate the sentence that discusses ITMG's efforts to broaden its energy portfolio and identify the initial new energy source mentioned.,"In 2021, ITMG began to broaden its energy portfolio by focusing on the sun.",N/A,0.98,fact_extraction,ITMG,2021,text,ITMG-Annual-Report-2021_marker,ITMG-Annual-Report-2021_marker_chk0002
How did ITMG describe its strategic approach to managing the volatile global energy market and its drive toward sustainability in 2021?,"Synthesize information from the text regarding ITMG's management style, resilience, and its dual focus on market performance and sustainability initiatives.","In 2021, ITMG described its strategic approach as utilizing prudent management and an agile mindset, which enabled it to ride the rising tide and show mettle and resilience through volatility, emerging triumphant with optimum operational performance. Simultaneously, it aimed to adapt to a changing, less carbon-reliant landscape and drive toward sustainability, broadening its energy portfolio starting with the sun, and integrating environmental, social, and governance values.",N/A,0.97,summarization,ITMG,2021,text,ITMG-Annual-Report-2021_marker,ITMG-Annual-Report-2021_marker_chk0002
"In 2021, what underlying global trend, mentioned in the text, influenced ITMG's decision to broaden its energy portfolio beyond its traditional role as a dominant dividend energy player?",Identify the global trend mentioned in the text that suggests a shift in energy reliance and connect it to ITMG's strategic decision to diversify its energy portfolio.,"In 2021, ITMG's decision to broaden its energy portfolio beyond its traditional role was influenced by the underlying global trend of a changing, less carbon-reliant landscape and the overall drive toward sustainability.",N/A,0.96,logical_inference,ITMG,2021,text,ITMG-Annual-Report-2021_marker,ITMG-Annual-Report-2021_marker_chk0002
Berapakah Jumlah Aset PT Redeco Petrolin Utama pada tahun 2021 untuk TPIA?,"Untuk menjawab pertanyaan ini, cari baris yang sesuai dengan ""PT Redeco Petrolin Utama"" dan kolom ""Jumlah Aset"". Nilai yang ditemukan adalah jawabannya.",11.070 RIBUAN USD,RIBUAN USD,0.97,direct_retrieval,TPIA,2021,math,TPIA_2021_FinancialStatement_marker,TPIA_2021_FinancialStatement_marker_chk0002
Berapakah total Jumlah Aset gabungan dari PT Redeco Petrolin Utama dan Chandra Asri Trading Company Pte. Ltd. pada tahun 2021 untuk TPIA?,"Untuk menjawab pertanyaan ini, pertama temukan ""Jumlah Aset"" untuk ""PT Redeco Petrolin Utama"" (11.070 RIBUAN USD). Kedua, temukan ""Jumlah Aset"" untuk ""Chandra Asri Trading Company Pte. Ltd."" (63.706 RIBUAN USD). Ketiga, jumlahkan kedua nilai tersebut.",74.776 RIBUAN USD,RIBUAN USD,0.96,arithmetic_reasoning,TPIA,2021,math,TPIA_2021_FinancialStatement_marker,TPIA_2021_FinancialStatement_marker_chk0002
Bandingkan Jumlah Aset PT Redeco Petrolin Utama dengan PT Chandra Asri Perkasa pada tahun 2021 untuk TPIA. Manakah yang memiliki Jumlah Aset lebih tinggi?,"Untuk menjawab pertanyaan ini, pertama temukan ""Jumlah Aset"" untuk ""PT Redeco Petrolin Utama"" (11.070 RIBUAN USD). Kedua, temukan ""Jumlah Aset"" untuk ""PT Chandra Asri Perkasa"" (355.225 RIBUAN USD). Ketiga, bandingkan kedua nilai tersebut untuk menentukan mana yang lebih tinggi.",PT Chandra Asri Perkasa memiliki Jumlah Aset yang lebih tinggi (355.225 RIBUAN USD) dibandingkan dengan PT Redeco Petrolin Utama (11.070 RIBUAN USD).,RIBUAN USD,0.95,comparative_trend,TPIA,2021,math,TPIA_2021_FinancialStatement_marker,TPIA_2021_FinancialStatement_marker_chk0002
What is the entity identification number for TPIA in 2021?,Locate the row labeled 'Nomor identifikasi entitas' (Entity identification number) in the provided context and extract the corresponding value for TPIA.,AA253,Full Amount,0.98,direct_retrieval,TPIA,2021,math,TPIA_2021_FinancialStatement_marker,TPIA_2021_FinancialStatement_marker_chk0006
Calculate the difference between the subsector code and the main sector code for TPIA in 2021.,"First, locate the 'Sektor' (Sector) code and the 'Subsektor' (Subsector) code for TPIA in the provided context. The sector code is '3' and the subsector code is '34'. Subtract the sector code from the subsector code (34 - 3).",31,Full Amount,0.95,arithmetic_reasoning,TPIA,2021,math,TPIA_2021_FinancialStatement_marker,TPIA_2021_FinancialStatement_marker_chk0006
Did the auditor for TPIA change from the prior year (2020) to the current year (2021)?,Locate the 'Auditor tahun berjalan' (Current year auditor) for 2021 and the 'Auditor tahun sebelumnya' (Prior year auditor) for 2020 in the provided context. Compare these two values to determine if there was a change.,"No, the auditor remained 'Imelda & Rekan' for both 2020 and 2021.",Full Amount,0.97,comparative_trend,TPIA,2021,math,TPIA_2021_FinancialStatement_marker,TPIA_2021_FinancialStatement_marker_chk0006
Berapakah nilai Kas dan setara kas TPIA pada 31 Desember 2021?,"Untuk menemukan nilai Kas dan setara kas TPIA pada 31 Desember 2021, cari baris 'Kas dan setara kas' dan kolom '31 December 2021' dalam tabel aset. Ekstrak nilai yang tertera.","Nilai Kas dan setara kas TPIA pada 31 Desember 2021 adalah 1,579,128.",Full Amount,0.97,direct_retrieval,TPIA,2021,math,TPIA_2021_FinancialStatement_marker,TPIA_2021_FinancialStatement_marker_chk0011
Berapakah selisih antara Jumlah aset lancar TPIA pada 31 Desember 2021 dan 31 Desember 2020?,1. Temukan nilai 'Jumlah aset lancar' untuk 31 Desember 2021. 2. Temukan nilai 'Jumlah aset lancar' untuk 31 Desember 2020. 3. Kurangkan nilai tahun 2020 dari nilai tahun 2021 untuk mendapatkan selisihnya.,"Jumlah aset lancar TPIA pada 31 Desember 2021 adalah 2,926,390. Jumlah aset lancar TPIA pada 31 Desember 2020 adalah 1,502,145. Selisihnya adalah 2,926,390 - 1,502,145 = 1,424,245.",Full Amount,0.96,arithmetic_reasoning,TPIA,2021,math,TPIA_2021_FinancialStatement_marker,TPIA_2021_FinancialStatement_marker_chk0011
Apakah Jumlah ekuitas TPIA meningkat atau menurun pada 31 Desember 2021 dibandingkan dengan 31 Desember 2020?,1. Temukan nilai 'Jumlah ekuitas' untuk 31 Desember 2021. 2. Temukan nilai 'Jumlah ekuitas' untuk 31 Desember 2020. 3. Bandingkan kedua nilai tersebut untuk menentukan apakah terjadi peningkatan atau penurunan.,"Jumlah ekuitas TPIA pada 31 Desember 2021 adalah 2,927,665. Jumlah ekuitas TPIA pada 31 Desember 2020 adalah 1,811,428. Karena 2,927,665 lebih besar dari 1,811,428, Jumlah ekuitas TPIA meningkat pada 31 Desember 2021 dibandingkan dengan 31 Desember 2020.",Full Amount,0.95,comparative_trend,TPIA,2021,math,TPIA_2021_FinancialStatement_marker,TPIA_2021_FinancialStatement_marker_chk0011
What was the value of non-current provisions for TPIA in 2021?,"Locate the line item 'provisions' and identify the value corresponding to the year 2021, which is the first number listed. Confirm its classification as 'Non-current'.","2,795 Full Amount",Full Amount,0.98,direct_retrieval,TPIA,2021,math,TPIA_2021_FinancialStatement_marker,TPIA_2021_FinancialStatement_marker_chk0012
Calculate the change in non-current provisions for TPIA from 2020 to 2021.,"Identify the non-current provisions for TPIA in 2021 (2,795) and the non-current provisions for TPIA in 2020 (2,624). Subtract the 2020 value from the 2021 value to determine the change.",171 Full Amount,Full Amount,0.97,arithmetic_reasoning,TPIA,2021,math,TPIA_2021_FinancialStatement_marker,TPIA_2021_FinancialStatement_marker_chk0012
Did the non-current provisions for TPIA increase or decrease from 2020 to 2021?,"Compare the non-current provisions for TPIA in 2021 (2,795) with the non-current provisions in 2020 (2,624). Determine if the 2021 value is greater than or less than the 2020 value.",The non-current provisions for TPIA increased from 2020 to 2021.,Full Amount,0.96,comparative_trend,TPIA,2021,math,TPIA_2021_FinancialStatement_marker,TPIA_2021_FinancialStatement_marker_chk0012
What is the fax number for TPIA's Head Office in 2021?,Locate the 'Fax' information explicitly stated under the 'Head Office' section in the provided context for 2021.,The fax number for TPIA's Head Office in 2021 is (62-21) 530 8930.,N/A,1.0,fact_extraction,TPIA,2021,text,TPIA-Annual-Report-2021_marker,TPIA-Annual-Report-2021_marker_chk0002
Summarize the complete geographical location details for TPIA's Head Office in 2021.,"Extract all components related to the physical location of the Head Office, including the building name, floor, street address, city, postal code, and country, and combine them into a concise descriptive statement.","In 2021, TPIA's Head Office is geographically located at Wisma Barito Pacific Tower A Lantai 7, Jl. Let. Jend. S. Parman Kav. 62–63 Jakarta, 11410, Indonesia.",N/A,0.98,summarization,TPIA,2021,text,TPIA-Annual-Report-2021_marker,TPIA-Annual-Report-2021_marker_chk0002
"Based on the contact information provided for TPIA's Head Office in 2021, what type of communication is primarily facilitated by the inclusion of 'Jl. Let. Jend. S. Parman Kav. 62–63 Jakarta, 11410, Indonesia'?","Identify the specific piece of information mentioned (the street address, city, postal code, country). Infer the primary purpose or function of providing such a detailed physical address within a company's contact information.","Based on the contact information provided for TPIA's Head Office in 2021, the inclusion of 'Jl. Let. Jend. S. Parman Kav. 62–63 Jakarta, 11410, Indonesia' primarily facilitates physical mail correspondence and in-person visits to the office.",N/A,0.95,logical_inference,TPIA,2021,text,TPIA-Annual-Report-2021_marker,TPIA-Annual-Report-2021_marker_chk0002
What specific Financial Services Authority (OJK) Regulation guided the preparation of TPIA's Annual Report in 2021?,Locate the sentence that specifies the OJK Regulation number and its title related to the Annual Report's preparation.,Laporan Tahunan 2021 TPIA disusun berdasarkan Peraturan Otoritas Jasa Keuangan No. 29/ POJK.04/2016 tentang Laporan Tahunan Emiten atau Perusahaan Publik.,N/A,0.98,fact_extraction,TPIA,2021,text,TPIA-Annual-Report-2021_marker,TPIA-Annual-Report-2021_marker_chk0004
How does TPIA describe the nature and potential outcome of prospective statements included in its 2021 Annual Report?,Identify the section discussing 'pernyataan-pernyataan prospektif' and synthesize the information regarding their basis and the potential for actual developments to differ.,"Pernyataan-pernyataan prospektif dalam Laporan Tahunan 2021 TPIA dibuat berdasarkan berbagai asumsi mengenai kondisi terkini dan kondisi mendatang Perseroan, serta lingkungan bisnis yang terkait. Hal ini dapat mengakibatkan perkembangan aktual secara material berbeda dari yang dilaporkan.",N/A,0.97,summarization,TPIA,2021,text,TPIA-Annual-Report-2021_marker,TPIA-Annual-Report-2021_marker_chk0004
"Based on the context of the 2021 Annual Report, what is the implied reason for TPIA to explicitly state that actual developments may materially differ from prospective statements?",Analyze the distinction made between factual and prospective statements. Connect the statement about prospective statements being based on assumptions and the potential for material differences to the overall 'SANGGAHAN DAN BATASAN TANGGUNG JAWAB' (Disclaimer and Scope of Responsibilities) section. Infer the company's intent behind this disclosure.,"TPIA secara eksplisit menyatakan bahwa perkembangan aktual dapat secara material berbeda dari pernyataan prospektif karena pernyataan tersebut dibuat berdasarkan berbagai asumsi mengenai kondisi terkini dan kondisi mendatang Perseroan, serta lingkungan bisnis yang terkait. Pernyataan ini berfungsi sebagai bagian dari sanggahan dan batasan tanggung jawab, menginformasikan pembaca mengenai sifat asumtif dari proyeksi masa depan dan potensi ketidaksesuaian dengan realitas.",N/A,0.96,logical_inference,TPIA,2021,text,TPIA-Annual-Report-2021_marker,TPIA-Annual-Report-2021_marker_chk0004
Berapakah Jumlah Aset PT Kaltim Prima Coal pada tahun 2021?,Cari baris untuk 'PT Kaltim Prima Coal'. Temukan nilai di kolom 'Jumlah Aset' pada baris tersebut.,1.257.828.074 USD,USD,0.98,direct_retrieval,BUMI,2021,math,BUMI_2021_FinancialStatement_marker,BUMI_2021_FinancialStatement_marker_chk0002
Hitung total Jumlah Aset dari entitas yang bergerak di bidang 'Distributor Batubara' pada tahun 2021.,Identifikasi semua entitas dengan 'Kegiatan Usaha' sebagai 'Distributor Batubara'. Ambil nilai 'Jumlah Aset' untuk setiap entitas tersebut. Jumlahkan semua nilai 'Jumlah Aset' yang ditemukan. Entitas tersebut adalah IndoCoal Resources (Cayman) Ltd. dan IndoCoal KPC Resources (Cayman) Ltd.,250.877.511 USD,USD,0.97,arithmetic_reasoning,BUMI,2021,math,BUMI_2021_FinancialStatement_marker,BUMI_2021_FinancialStatement_marker_chk0002
"Bandingkan Jumlah Aset antara PT Arutmin Indonesia dan PT Kaltim Prima Coal pada tahun 2021, dan sebutkan mana yang lebih tinggi.",Temukan baris untuk 'PT Arutmin Indonesia' dan 'PT Kaltim Prima Coal'. Ambil nilai 'Jumlah Aset' untuk masing-masing. Bandingkan kedua nilai tersebut untuk menentukan mana yang lebih tinggi.,Jumlah Aset PT Arutmin Indonesia (1.426.134.757 USD) lebih tinggi dibandingkan dengan PT Kaltim Prima Coal (1.257.828.074 USD) pada tahun 2021.,USD,0.96,comparative_trend,BUMI,2021,math,BUMI_2021_FinancialStatement_marker,BUMI_2021_FinancialStatement_marker_chk0002
What is the main industry of BUMI in 2021?,"To find the main industry, locate the row labeled ""Industri utama entitas"" (Entity main industry) in the provided financial statement segment for BUMI in 2021 and extract the corresponding value.",Umum / General,Full Amount (USD),0.98,direct_retrieval,BUMI,2021,math,BUMI_2021_FinancialStatement_marker,BUMI_2021_FinancialStatement_marker_chk0006
Calculate the duration in days of BUMI's current reporting period for 2021.,"1. Identify the ""Tanggal awal periode berjalan"" (Current period start date) for 2021, which is January 01, 2021. 2. Identify the ""Tanggal akhir periode berjalan"" (Current period end date) for 2021, which is December 31, 2021. 3. Calculate the number of days between these two dates, inclusive, to determine the duration of the reporting period.",The duration of BUMI's current reporting period for 2021 is 365 days.,Full Amount (USD),0.96,arithmetic_reasoning,BUMI,2021,math,BUMI_2021_FinancialStatement_marker,BUMI_2021_FinancialStatement_marker_chk0006
Was the audit firm for BUMI the same in 2021 as in the prior year 2020?,"1. Locate the ""Auditor tahun berjalan"" (Current year auditor) for BUMI in 2021. 2. Locate the ""Auditor tahun sebelumnya"" (Prior year auditor) for BUMI in 2020. 3. Compare the names of the audit firms to determine if they are identical.","Yes, the audit firm for BUMI was the same in 2021 as in the prior year 2020, which was Amir Abadi Jusuf, Aryanto, Mawar & Rekan.",Full Amount (USD),0.97,comparative_trend,BUMI,2021,math,BUMI_2021_FinancialStatement_marker,BUMI_2021_FinancialStatement_marker_chk0006
Berapakah nilai Kas dan setara kas BUMI pada 31 Desember 2021?,"Untuk menemukan nilai Kas dan setara kas BUMI pada 31 Desember 2021, cari baris 'Kas dan setara kas' dan lihat nilai yang tertera di kolom '31 December 2021'.","220,979,398",Full Amount,0.97,direct_retrieval,BUMI,2021,math,BUMI_2021_FinancialStatement_marker,BUMI_2021_FinancialStatement_marker_chk0011
Berapakah total Utang usaha BUMI pada 31 Desember 2021?,"Untuk menghitung total Utang usaha BUMI pada 31 Desember 2021, temukan nilai 'Utang usaha pihak ketiga' pada 31 Desember 2021 dan 'Utang usaha pihak berelasi' pada 31 Desember 2021. Kemudian, jumlahkan kedua nilai tersebut.","171,075,743",Full Amount,0.96,arithmetic_reasoning,BUMI,2021,math,BUMI_2021_FinancialStatement_marker,BUMI_2021_FinancialStatement_marker_chk0011
Bagaimana tren Jumlah aset BUMI dari 31 Desember 2020 ke 31 Desember 2021?,"Untuk menganalisis tren Jumlah aset BUMI, temukan nilai 'Jumlah aset' pada 31 Desember 2020 dan 31 Desember 2021. Bandingkan kedua nilai tersebut untuk menentukan apakah terjadi peningkatan atau penurunan.","Jumlah aset BUMI meningkat dari 3,428,550,326 pada 31 Desember 2020 menjadi 4,223,787,285 pada 31 Desember 2021.",Full Amount,0.95,comparative_trend,BUMI,2021,math,BUMI_2021_FinancialStatement_marker,BUMI_2021_FinancialStatement_marker_chk0011
What was the Jumlah ekuitas for BUMI in 2021?,"To find the Jumlah ekuitas for BUMI in 2021, locate the row labeled ""Jumlah ekuitas"" (Total equity) in the provided financial segment. The value in the first column corresponds to the year 2021.","646,446,686 Full Amount",Full Amount,0.97,direct_retrieval,BUMI,2021,math,BUMI_2021_FinancialStatement_marker,BUMI_2021_FinancialStatement_marker_chk0012
Calculate the increase in BUMI's Jumlah liabilitas dan ekuitas from the prior year to 2021.,"1. Locate the row labeled ""Jumlah liabilitas dan ekuitas"" (Total liabilities and equity).
2. Identify the value for 2021 (first column): 4,223,787,285.
3. Identify the value for the prior year (second column): 3,428,550,326.
4. Subtract the prior year's value from the 2021 value to find the increase.","The increase in BUMI's Jumlah liabilitas dan ekuitas from the prior year to 2021 is 795,236,959 Full Amount.",Full Amount,0.96,arithmetic_reasoning,BUMI,2021,math,BUMI_2021_FinancialStatement_marker,BUMI_2021_FinancialStatement_marker_chk0012
Did BUMI's Kewajiban imbalan pasca kerja jangka panjang increase or decrease in 2021 compared to the prior year?,"1. Locate the row labeled ""Kewajiban imbalan pasca kerja jangka panjang"" (Long-term benefit obligations).
2. Identify the value for 2021 (first column): 20,594,612.
3. Identify the value for the prior year (second column): 18,913,322.
4. Compare these two values to determine the trend.","BUMI's Kewajiban imbalan pasca kerja jangka panjang increased in 2021 compared to the prior year (20,594,612 in 2021 vs. 18,913,322 in the prior year).",Full Amount,0.95,comparative_trend,BUMI,2021,math,BUMI_2021_FinancialStatement_marker,BUMI_2021_FinancialStatement_marker_chk0012
What was the primary external factor that significantly boosted BUMI's performance recovery in 2021?,Locate the sentence that describes the main external driver for BUMI's performance improvement in 2021.,The primary external factor that significantly boosted BUMI's performance recovery in 2021 was the 'membaiknya kinerja industri batubara sepanjang tahun 2021' (rebounding performance of the coal industry throughout 2021).,N/A,0.98,fact_extraction,BUMI,2021,text,BUMI-Annual-Report-2021_marker,BUMI-Annual-Report-2021_marker_chk0001
"According to the text, how did BUMI manage to achieve its strong rebound and overcome business challenges in 2021?",Identify the part of the text that explains the methods or strategies BUMI employed to achieve its success and overcome challenges in 2021. Synthesize these points into a concise explanation.,"BUMI managed to achieve its strong rebound and overcome business challenges in 2021 through 'pengelolaan bisnis yang efektif dan strategis, serta pemanfaatan sumber daya secara optimal' (effective and strategic business management, and optimal utilization of resources).",N/A,0.97,summarization,BUMI,2021,text,BUMI-Annual-Report-2021_marker,BUMI-Annual-Report-2021_marker_chk0001
"Based on the context, what is the inferred relationship between the coal industry's performance and BUMI's ability to overcome challenges and achieve outstanding results in 2021?",Analyze the text to understand how the coal industry's performance is linked to BUMI's recovery. Connect the statement about the coal industry's rebound with BUMI's success in overcoming previous pressures and achieving strong performance. The inference is about the enabling condition.,"The text infers that the rebounding performance of the coal industry throughout 2021 was a crucial enabling factor that significantly supported BUMI in overcoming the business challenges it faced, particularly after the pressure during the 2020 pandemic, allowing the company to achieve outstanding results and strengthen its position.",N/A,0.95,logical_inference,BUMI,2021,text,BUMI-Annual-Report-2021_marker,BUMI-Annual-Report-2021_marker_chk0001
What kind of performance did BUMI generate in 2021?,Locate the sentence that describes the performance BUMI was able to generate. Identify the specific adjective used to characterize this performance.,"In 2021, BUMI was able to generate ""an exceptional performance"".",N/A,0.98,fact_extraction,BUMI,2021,text,BUMI-Annual-Report-2021_marker,BUMI-Annual-Report-2021_marker_chk0002
How does BUMI describe the relationship between its success and its business approach in 2021?,Find the statement that connects BUMI's success with its business operations. Synthesize this connection into a concise explanation.,"In 2021, BUMI describes its success as being ""in line with effective and strategic business"".",N/A,0.96,summarization,BUMI,2021,text,BUMI-Annual-Report-2021_marker,BUMI-Annual-Report-2021_marker_chk0002
"Based on the text, what is the implied result of BUMI's ""effective and strategic business"" in 2021?","Identify the phrase ""effective and strategic business"" and then look for the outcomes or achievements directly associated with it in the text. Connect these outcomes to infer the overall result.","Based on the text, the implied result of BUMI's ""effective and strategic business"" in 2021 is that it enabled the company to generate ""an exceptional performance"" and contributed to BUMI ""rebounding stronger"".",N/A,0.95,logical_inference,BUMI,2021,text,BUMI-Annual-Report-2021_marker,BUMI-Annual-Report-2021_marker_chk0002
Berapakah total aset INCO pada tahun 2021?,"Untuk menemukan total aset INCO pada tahun 2021, cari baris 'Jumlah aset' dan kolom '31 December 2021' dalam tabel laporan keuangan.","Total aset INCO pada tahun 2021 adalah 2,472,828.",Full Amount,0.97,direct_retrieval,INCO,2021,math,INCO_2021_FinancialStatement_marker,INCO_2021_FinancialStatement_marker_chk0011
Berapakah jumlah liabilitas dan ekuitas INCO pada tahun 2021?,"Untuk menghitung jumlah liabilitas dan ekuitas INCO pada tahun 2021, pertama-tama temukan nilai 'Jumlah liabilitas' pada tanggal 31 Desember 2021, yaitu 318,367. Kemudian, temukan nilai 'Jumlah ekuitas' pada tanggal 31 Desember 2021, yaitu 2,154,461. Terakhir, jumlahkan kedua nilai tersebut: 318,367 + 2,154,461.","Jumlah liabilitas dan ekuitas INCO pada tahun 2021 adalah 2,472,828.",Full Amount,0.96,arithmetic_reasoning,INCO,2021,math,INCO_2021_FinancialStatement_marker,INCO_2021_FinancialStatement_marker_chk0011
Apakah jumlah aset tidak lancar INCO meningkat atau menurun pada tahun 2021 dibandingkan dengan tahun 2020?,"Untuk menentukan apakah jumlah aset tidak lancar INCO meningkat atau menurun, bandingkan nilai 'Jumlah aset tidak lancar' pada tanggal 31 Desember 2021 dengan nilai pada tanggal 31 Desember 2020. Nilai untuk 2021 adalah 1,636,252 dan untuk 2020 adalah 1,618,686.","Jumlah aset tidak lancar INCO meningkat pada tahun 2021 (1,636,252) dibandingkan dengan tahun 2020 (1,618,686).",Full Amount,0.95,comparative_trend,INCO,2021,math,INCO_2021_FinancialStatement_marker,INCO_2021_FinancialStatement_marker_chk0011
What was INCO's Jumlah laba bruto in 2021?,"To find INCO's Jumlah laba bruto in 2021, locate the row labeled 'Jumlah laba bruto' and extract the value from the first data column, which corresponds to the year 2021.","235,364",Full Amount,0.97,direct_retrieval,INCO,2021,math,INCO_2021_FinancialStatement_marker,INCO_2021_FinancialStatement_marker_chk0013
Calculate the gross profit for INCO in 2021 by subtracting the Beban pokok penjualan dan pendapatan from Penjualan dan pendapatan usaha.,"1. Identify the 'Penjualan dan pendapatan usaha' value for 2021, which is 953,174. 2. Identify the 'Beban pokok penjualan dan pendapatan' value for 2021, which is (717,810). 3. Subtract the 'Beban pokok penjualan dan pendapatan' from 'Penjualan dan pendapatan usaha': 953,174 - 717,810.","235,364",Full Amount,0.96,arithmetic_reasoning,INCO,2021,math,INCO_2021_FinancialStatement_marker,INCO_2021_FinancialStatement_marker_chk0013
Did INCO's Jumlah laba (rugi) dari operasi yang dilanjutkan increase or decrease in 2021 compared to the previous year?,"1. Locate the 'Jumlah laba (rugi) dari operasi yang dilanjutkan' for 2021, which is 165,797. 2. Locate the 'Jumlah laba (rugi) dari operasi yang dilanjutkan' for the previous year (second column), which is 82,819. 3. Compare these two values to determine the trend.","INCO's Jumlah laba (rugi) dari operasi yang dilanjutkan increased in 2021 (165,797) compared to the previous year (82,819).",Full Amount,0.95,comparative_trend,INCO,2021,math,INCO_2021_FinancialStatement_marker,INCO_2021_FinancialStatement_marker_chk0013
Berapakah nilai 'Ekuitas yang dapat diatribusikan kepada entitas induk' pada awal periode untuk INCO di tahun 2021?,"Untuk menjawab pertanyaan ini, cari baris yang bertuliskan 'Posisi ekuitas, awal periode'. Kemudian, temukan kolom 'Ekuitas yang dapat diatribusikan kepada entitas induk'. Nilai yang berada di persimpangan baris dan kolom tersebut adalah jawabannya.","2,020,378",Full Amount,0.97,direct_retrieval,INCO,2021,math,INCO_2021_FinancialStatement_marker,INCO_2021_FinancialStatement_marker_chk0016
"Berapakah total 'Ekuitas' pada akhir periode untuk INCO di tahun 2021, jika dihitung dari penjumlahan 'Ekuitas yang dapat diatribusikan kepada entitas induk' dan 'Kepentingan non-pengendali' pada akhir periode?","Pertama, temukan baris 'Posisi ekuitas, akhir periode'. Kedua, identifikasi nilai di kolom 'Ekuitas yang dapat diatribusikan kepada entitas induk' pada baris tersebut. Ketiga, identifikasi nilai di kolom 'Kepentingan non-pengendali' pada baris yang sama. Keempat, jumlahkan kedua nilai tersebut untuk mendapatkan total 'Ekuitas'.","2,154,451 + 10 = 2,154,461",Full Amount,0.96,arithmetic_reasoning,INCO,2021,math,INCO_2021_FinancialStatement_marker,INCO_2021_FinancialStatement_marker_chk0016
Apakah 'Saldo laba yang belum ditentukan penggunaannya' untuk INCO mengalami peningkatan atau penurunan dari awal periode hingga akhir periode di tahun 2021?,"Untuk menjawab pertanyaan ini, pertama, temukan nilai 'Saldo laba yang belum ditentukan penggunaannya' pada baris 'Posisi ekuitas, awal periode'. Kedua, temukan nilai 'Saldo laba yang belum ditentukan penggunaannya' pada baris 'Posisi ekuitas, akhir periode'. Ketiga, bandingkan kedua nilai tersebut untuk menentukan apakah ada peningkatan atau penurunan.","'Saldo laba yang belum ditentukan penggunaannya' meningkat dari 1,578,922 pada awal periode menjadi 1,712,995 pada akhir periode.",Full Amount,0.95,comparative_trend,INCO,2021,math,INCO_2021_FinancialStatement_marker,INCO_2021_FinancialStatement_marker_chk0016
"Berapakah nilai ""Saldo laba yang belum ditentukan penggunaannya"" untuk INCO pada akhir periode tahun 2021?","Untuk menemukan nilai ""Saldo laba yang belum ditentukan penggunaannya"" pada akhir periode tahun 2021, cari baris yang bertuliskan ""Posisi ekuitas, akhir periode"" dan kolom yang bertuliskan ""Saldo laba yang belum ditentukan penggunaannya"". Nilai yang berpotongan adalah jawabannya.","1,578,922",Full Amount,0.98,direct_retrieval,INCO,2021,math,INCO_2021_FinancialStatement_marker,INCO_2021_FinancialStatement_marker_chk0019
"Berapakah perubahan ""Saldo laba yang belum ditentukan penggunaannya"" dari awal periode hingga akhir periode untuk INCO pada tahun 2021?","1. Temukan nilai ""Saldo laba yang belum ditentukan penggunaannya"" pada baris ""Posisi ekuitas, awal periode"". Ini adalah 1,500,237.
2. Temukan nilai ""Saldo laba yang belum ditentukan penggunaannya"" pada baris ""Posisi ekuitas, akhir periode"". Ini adalah 1,578,922.
3. Hitung selisihnya dengan mengurangkan nilai awal periode dari nilai akhir periode (1,578,922 - 1,500,237).","78,685",Full Amount,0.97,arithmetic_reasoning,INCO,2021,math,INCO_2021_FinancialStatement_marker,INCO_2021_FinancialStatement_marker_chk0019
"Apakah ""Ekuitas"" INCO pada tahun 2021 mengalami peningkatan atau penurunan dari awal periode ke akhir periode?","1. Identifikasi nilai ""Ekuitas"" pada baris ""Posisi ekuitas, awal periode"", yaitu 1,941,693.
2. Identifikasi nilai ""Ekuitas"" pada baris ""Posisi ekuitas, akhir periode"", yaitu 2,020,388.
3. Bandingkan kedua nilai tersebut. Jika nilai akhir periode lebih besar dari nilai awal periode, maka terjadi peningkatan; jika lebih kecil, maka terjadi penurunan.","""Ekuitas"" INCO pada tahun 2021 mengalami peningkatan dari awal periode (1,941,693) ke akhir periode (2,020,388).",Full Amount,0.96,comparative_trend,INCO,2021,math,INCO_2021_FinancialStatement_marker,INCO_2021_FinancialStatement_marker_chk0019
What is the title of the section found on page 39 in INCO's 2021 annual report?,Locate page number 39 in the provided table of contents and identify the corresponding section title.,The title of the section on page 39 in INCO's 2021 annual report is 'Kinerja Keberlanjutan Pengelolaan Sosial'.,N/A,0.98,fact_extraction,INCO,2021,text,INCO-Annual-Report-2021_marker,INCO-Annual-Report-2021_marker_chk0002
What are the specific sub-sections covered under 'Kinerja Keberlanjutan Pengelolaan Lingkungan' in INCO's 2021 annual report?,Find the main section titled 'Kinerja Keberlanjutan Pengelolaan Lingkungan' and list all the detailed sub-sections that fall under it.,"In INCO's 2021 annual report, the specific sub-sections covered under 'Kinerja Keberlanjutan Pengelolaan Lingkungan' are 'Menuju Net Zero Emisi Karbon', 'Pengelolaan Energi dan Dukungan Ekonomi Rendah Karbon', 'Rehabilitasi Pascatambang', and 'Inspirasi Untuk Lingkungan Lestari'.",N/A,0.97,summarization,INCO,2021,text,INCO-Annual-Report-2021_marker,INCO-Annual-Report-2021_marker_chk0002
"Based on the section titles, what key aspects of governance are highlighted under 'Kinerja Keberlanjutan Penerapan Tata Kelola' in INCO's 2021 annual report?",Identify the main section 'Kinerja Keberlanjutan Penerapan Tata Kelola' and analyze its sub-sections to infer the key aspects of governance being emphasized.,"Based on the section titles in INCO's 2021 annual report, 'Kinerja Keberlanjutan Penerapan Tata Kelola' highlights key aspects of governance such as 'Efektivitas Proses Pengelolaan Risiko Atas Penerapan Keberlanjutan' and 'Kinerja Ekonomi Untuk Membangun Negeri'.",N/A,0.95,logical_inference,INCO,2021,text,INCO-Annual-Report-2021_marker,INCO-Annual-Report-2021_marker_chk0002
Berapa kapasitas produksi bibit per tahun dari fasilitas persemaian INCO di Sorowako pada tahun 2021?,Cari kalimat yang menyebutkan 'fasilitas persemaian' dan 'kapasitas untuk memproduksi bibit per tahun' dalam teks.,Fasilitas persemaian INCO di Sorowako memiliki kapasitas untuk memproduksi 700.000 bibit per tahun.,bibit per tahun,0.98,fact_extraction,INCO,2021,text,INCO-Annual-Report-2021_marker,INCO-Annual-Report-2021_marker_chk0004
Bagaimana INCO menjelaskan upaya-upayanya dalam mengurangi emisi karbon terkait operasional pembangkit listrik dan fasilitas pengolahan pada tahun 2021?,"Identifikasi bagian teks yang membahas tentang pembangkit listrik, pembatalan proyek konversi batu bara, dan pembangunan pabrik baru di Bahodopi. Sintesiskan informasi ini untuk menjelaskan strategi pengurangan emisi.","Pada tahun 2021, INCO menjelaskan upaya pengurangan emisi karbonnya dengan mengoperasikan tiga Pembangkit 365 Megawatt yang mampu menghindari emisi CO2 lebih dari 1 juta ton CO2 eq setiap tahun dibandingkan pembangkit berbahan bakar batu bara. Selain itu, INCO membatalkan proyek konversi batu bara yang menjanjikan keuntungan AS$40 juta per tahun untuk mengurangi peningkatan emisi 200 ribu ton CO2 eq per tahun. Sebagai gantinya, INCO membangun pabrik di Bahodopi, Sulawesi Tengah, menggunakan sumber energi gas bumi, yang akan menjadi pabrik pengolahan nikel dengan emisi karbon per ton nikel terendah setelah Sorowako, berkat penggunaan Listrik Tenaga Air (PLTA).","Megawatt, ton CO2 eq, AS$, ton CO2 eq per tahun",0.97,summarization,INCO,2021,text,INCO-Annual-Report-2021_marker,INCO-Annual-Report-2021_marker_chk0004
"Berdasarkan teks, mengapa INCO memutuskan untuk membatalkan proyek konversi batu bara yang menjanjikan keuntungan AS$40 juta per tahun pada tahun 2021?",Cari kalimat yang menyebutkan pembatalan proyek konversi batu bara dan alasan di baliknya. Hubungkan keputusan tersebut dengan dampak lingkungan yang disebutkan.,"INCO memutuskan untuk membatalkan proyek konversi batu bara yang menjanjikan keuntungan AS$40 juta per tahun pada tahun 2021 guna mengurangi peningkatan emisi 200 ribu ton CO2 eq per tahun, menunjukkan komitmen perusahaan terhadap pengurangan emisi dan praktik pertambangan berkelanjutan.","AS$, ton CO2 eq per tahun",0.96,logical_inference,INCO,2021,text,INCO-Annual-Report-2021_marker,INCO-Annual-Report-2021_marker_chk0004
What was the value of 'Total current assets' for BSDE in 2021?,Locate the row labeled 'Jumlah aset lancar' (Total current assets) and find the corresponding value in the column for '31 December 2021'.,"28,397,860,868,620 Full Amount",Full Amount,0.97,direct_retrieval,BSDE,2021,math,BSDE_2021_FinancialStatement_marker,BSDE_2021_FinancialStatement_marker_chk0011
Calculate the change in 'Cash and cash equivalents' for BSDE from 2020 to 2021.,"First, locate the value for 'Kas dan setara kas' (Cash and cash equivalents) for '31 December 2021', which is 7,766,937,331,640. Next, locate the value for 'Kas dan setara kas' for '31 December 2020', which is 10,508,135,948,416. Subtract the 2021 value from the 2020 value to find the change.","A decrease of 2,741,198,616,776 Full Amount.",Full Amount,0.96,arithmetic_reasoning,BSDE,2021,math,BSDE_2021_FinancialStatement_marker,BSDE_2021_FinancialStatement_marker_chk0011
Did BSDE's 'Total liabilities' increase or decrease from 2020 to 2021?,"Locate the 'Jumlah liabilitas' (Total liabilities) for '31 December 2021', which is 25,575,995,151,814. Then, locate the 'Jumlah liabilitas' for '31 December 2020', which is 26,391,824,110,926. Compare these two values to determine if there was an increase or decrease.","Total liabilities for BSDE decreased from 26,391,824,110,926 Full Amount in 2020 to 25,575,995,151,814 Full Amount in 2021.",Full Amount,0.95,comparative_trend,BSDE,2021,math,BSDE_2021_FinancialStatement_marker,BSDE_2021_FinancialStatement_marker_chk0011
What was BSDE's total gross profit in 2021?,"To find BSDE's total gross profit in 2021, locate the row labeled 'Jumlah laba bruto' (Total gross profit) and extract the corresponding value from the column representing 2021.","4,740,050,960,862",Full Amount,0.97,direct_retrieval,BSDE,2021,math,BSDE_2021_FinancialStatement_marker,BSDE_2021_FinancialStatement_marker_chk0013
Calculate the net finance income (Pendapatan keuangan minus Beban keuangan) for BSDE in 2021.,"First, locate the 'Pendapatan keuangan' (Finance income) for 2021. Then, locate the 'Beban keuangan' (Finance costs) for 2021. Finally, subtract the 'Beban keuangan' value from the 'Pendapatan keuangan' value to get the net finance income.","-1,251,460,650,153",Full Amount,0.96,arithmetic_reasoning,BSDE,2021,math,BSDE_2021_FinancialStatement_marker,BSDE_2021_FinancialStatement_marker_chk0013
Did BSDE's sales and revenue increase or decrease in 2021 compared to the previous year?,"To determine the trend, locate the 'Penjualan dan pendapatan usaha' (Sales and revenue) for 2021 and the previous year (2020). Compare the 2021 value with the 2020 value. If the 2021 value is higher, it increased; if lower, it decreased.","BSDE's sales and revenue increased in 2021 compared to the previous year (from 6,180,589,086,059 in 2020 to 7,654,802,250,986 in 2021).",Full Amount,0.95,comparative_trend,BSDE,2021,math,BSDE_2021_FinancialStatement_marker,BSDE_2021_FinancialStatement_marker_chk0013
Berapakah nilai Total other comprehensive income BSDE pada tahun 2021?,"Cari baris yang bertuliskan ""Total other comprehensive"" dan ambil nilai pertama yang tertera di sampingnya, yang mewakili tahun 2021.","(57,941,017,667) Rupiah",Full Amount,0.97,direct_retrieval,BSDE,2021,math,BSDE_2021_FinancialStatement_marker,BSDE_2021_FinancialStatement_marker_chk0014
Berapakah perubahan nilai Total other comprehensive income BSDE dari tahun sebelumnya ke tahun 2021?,"Identifikasi nilai ""Total other comprehensive"" untuk tahun 2021 yaitu (57,941,017,667) dan untuk tahun sebelumnya yaitu (79,296,165,303). Hitung selisih antara nilai tahun 2021 dan nilai tahun sebelumnya. Perubahan = Nilai 2021 - Nilai Tahun Sebelumnya = (-57,941,017,667) - (-79,296,165,303) = -57,941,017,667 + 79,296,165,303 = 21,355,147,636.","Peningkatan sebesar 21,355,147,636 Rupiah",Full Amount,0.96,arithmetic_reasoning,BSDE,2021,math,BSDE_2021_FinancialStatement_marker,BSDE_2021_FinancialStatement_marker_chk0014
Apakah Total other comprehensive income BSDE mengalami peningkatan atau penurunan pada tahun 2021 dibandingkan dengan tahun sebelumnya?,"Bandingkan nilai ""Total other comprehensive"" tahun 2021 yaitu (57,941,017,667) dengan nilai tahun sebelumnya yaitu (79,296,165,303). Perhatikan bahwa angka dalam kurung menunjukkan nilai negatif. Nilai 2021 adalah -57,941,017,667 dan nilai tahun sebelumnya adalah -79,296,165,303. Karena -57,941,017,667 lebih besar dari -79,296,165,303, maka terjadi peningkatan.",Total other comprehensive income BSDE mengalami peningkatan pada tahun 2021 dibandingkan dengan tahun sebelumnya.,Full Amount,0.95,comparative_trend,BSDE,2021,math,BSDE_2021_FinancialStatement_marker,BSDE_2021_FinancialStatement_marker_chk0014
Berapakah nilai 'Ekuitas yang dapat diatribusikan kepada entitas induk' untuk BSDE pada awal periode tahun 2021?,"Untuk menemukan nilai ini, cari baris 'Posisi ekuitas, awal periode' (Equity position, beginning of the period) dan kolom 'Ekuitas yang dapat diatribusikan kepada entitas induk' (Equity attributable to parent entity). Nilai yang berpotongan adalah jawabannya.","30,119,334,419,012",Full Amount,0.98,direct_retrieval,BSDE,2021,math,BSDE_2021_FinancialStatement_marker,BSDE_2021_FinancialStatement_marker_chk0016
Berapakah total perubahan 'Ekuitas' untuk BSDE dari awal hingga akhir periode tahun 2021?,"Pertama, temukan nilai 'Ekuitas' pada baris 'Posisi ekuitas, awal periode'. Kedua, temukan nilai 'Ekuitas' pada baris 'Posisi ekuitas, akhir periode'. Ketiga, kurangkan nilai awal periode dari nilai akhir periode untuk mendapatkan total perubahan.","1,422,614,538,018",Full Amount,0.97,arithmetic_reasoning,BSDE,2021,math,BSDE_2021_FinancialStatement_marker,BSDE_2021_FinancialStatement_marker_chk0016
Apakah 'Kepentingan non-pengendali' BSDE meningkat atau menurun dari awal hingga akhir periode tahun 2021?,"Pertama, identifikasi nilai 'Kepentingan non-pengendali' pada baris 'Posisi ekuitas, awal periode'. Kedua, identifikasi nilai 'Kepentingan non-pengendali' pada baris 'Posisi ekuitas, akhir periode'. Ketiga, bandingkan kedua nilai tersebut untuk menentukan apakah terjadi peningkatan atau penurunan.","Kepentingan non-pengendali BSDE meningkat dari 4,351,768,056,812 pada awal periode menjadi 4,438,109,373,863 pada akhir periode tahun 2021.",Full Amount,0.96,comparative_trend,BSDE,2021,math,BSDE_2021_FinancialStatement_marker,BSDE_2021_FinancialStatement_marker_chk0016
What is the primary subject of this segment for BSDE in 2021?,Identify the main heading provided in the text to determine the primary subject.,"The primary subject of this segment for BSDE in 2021 is ""Kinerja Utama Kami di Tahun 2021"" (Our Key Performance in 2021).",N/A,1.0,fact_extraction,BSDE,2021,text,BSDE-Annual-Report-2021_marker,BSDE-Annual-Report-2021_marker_chk0000
What information is presented in this segment regarding BSDE's key performance in 2021?,Read the entire provided text segment and identify what specific details or explanations about performance are included.,"The provided segment for BSDE in 2021 introduces the topic ""Kinerja Utama Kami di Tahun 2021"" (Our Key Performance in 2021), but it does not present any specific information, metrics, or detailed explanations about the actual performance itself. It serves solely as a title for the section.",N/A,0.95,summarization,BSDE,2021,text,BSDE-Annual-Report-2021_marker,BSDE-Annual-Report-2021_marker_chk0000
"Based on the title ""Kinerja Utama Kami di Tahun 2021"", what can be inferred about the type of information that would typically follow this section in BSDE's 2021 annual report?","Analyze the meaning of ""Kinerja Utama Kami"" (Our Key Performance) and consider the standard structure and content of annual reports following such a heading.","Based on the title ""Kinerja Utama Kami di Tahun 2021"" (Our Key Performance in 2021), it can be inferred that the information typically following this section in BSDE's 2021 annual report would include specific financial metrics, operational highlights, strategic achievements, and other significant results that demonstrate the company's performance during that year.",N/A,0.95,logical_inference,BSDE,2021,text,BSDE-Annual-Report-2021_marker,BSDE-Annual-Report-2021_marker_chk0000
What specific aspects did the Covid-19 pandemic prompt BSDE to reflect upon in 2021?,Locate the sentence that describes the impact of the Covid-19 pandemic and what it caused the Company to reflect on. The key phrase to look for is 'merefleksikan aspek-aspek penting'.,"In 2021, the Covid-19 pandemic prompted BSDE to reflect on 'aspek-aspek penting di dalam cara kami melakukan aktivitas dan menjalankan bisnis' (important aspects in the way we conduct our activities and run our business).",N/A,0.97,fact_extraction,BSDE,2021,text,BSDE-Annual-Report-2021_marker,BSDE-Annual-Report-2021_marker_chk0002
How does BSDE describe its approach to overcoming challenges and strengthening its position as a leading property company in 2021?,"Synthesize the information from the paragraphs that discuss the company's response to challenges and its future outlook. Focus on the elements mentioned for overcoming challenges and strengthening its market position, including strategies, internal efforts, and external support.","In 2021, BSDE describes its approach to overcoming challenges and strengthening its position by evaluating and appreciating its chosen business development strategies, relying on the hard work and togetherness of all employees and stakeholders, and upholding its values. The company is confident that with the hard work of management and employees, the trust of shareholders and consumers, and cooperation with all stakeholders, it will rise to the challenge and strengthen its position as Indonesia's leading property company.",N/A,0.96,summarization,BSDE,2021,text,BSDE-Annual-Report-2021_marker,BSDE-Annual-Report-2021_marker_chk0002
"Based on the 2021 text, why does BSDE emphasize portfolio diversification and good corporate governance?","Identify the statements about portfolio diversification and good corporate governance. Then, connect these statements to the preceding context that explains the circumstances or reasons for their importance, specifically linking them to the challenges mentioned.","Based on the 2021 text, BSDE emphasizes portfolio diversification and good corporate governance because the Covid-19 pandemic presented extraordinary challenges, leading the company to realize that these aspects are 'sangat penting khususnya pada masa-masa penuh tantangan' (very important, especially in challenging times). This indicates they are crucial for resilience and stability during difficult periods.",N/A,0.95,logical_inference,BSDE,2021,text,BSDE-Annual-Report-2021_marker,BSDE-Annual-Report-2021_marker_chk0002
Who was the current year auditor for KLBF in 2021?,"Locate the row labeled ""Auditor tahun berjalan"" (Current year auditor) and extract the corresponding value for the year 2021.","Purwantono, Sungkoro & Surja",Satuan Penuh / Full Amount,0.98,direct_retrieval,KLBF,2021,math,KLBF_2021_FinancialStatement_marker,KLBF_2021_FinancialStatement_marker_chk0006
How many days were in KLBF's current reporting period for 2021?,"1. Locate the ""Tanggal awal periode berjalan"" (Current period start date) for 2021. 2. Locate the ""Tanggal akhir periode berjalan"" (Current period end date) for 2021. 3. Calculate the number of days between these two dates, inclusive.",365 days,Satuan Penuh / Full Amount,0.97,arithmetic_reasoning,KLBF,2021,math,KLBF_2021_FinancialStatement_marker,KLBF_2021_FinancialStatement_marker_chk0006
Did KLBF use the same auditor for the current year (2021) and the prior year (2020)?,"1. Locate the ""Auditor tahun berjalan"" (Current year auditor) for 2021. 2. Locate the ""Auditor tahun sebelumnya"" (Prior year auditor) for 2020. 3. Compare the names of the auditors from both periods.","Yes, KLBF used the same auditor, Purwantono, Sungkoro & Surja, for both the current year (2021) and the prior year (2020).",Satuan Penuh / Full Amount,0.96,comparative_trend,KLBF,2021,math,KLBF_2021_FinancialStatement_marker,KLBF_2021_FinancialStatement_marker_chk0006
What was KLBF's Cash and cash equivalents in 2021?,"To find KLBF's Cash and cash equivalents in 2021, locate the row labeled 'Kas dan setara kas' (Cash and cash equivalents) and then find the value in the column corresponding to '31 December 2021'.","KLBF's Cash and cash equivalents in 2021 was 6,216,247,801,928.",Full Amount,0.98,direct_retrieval,KLBF,2021,math,KLBF_2021_FinancialStatement_marker,KLBF_2021_FinancialStatement_marker_chk0011
Calculate the difference in KLBF's Total current assets between 2021 and 2020.,"To calculate the difference, first locate the 'Jumlah aset lancar' (Total current assets) for '31 December 2021' and '31 December 2020'. Then, subtract the 2020 value from the 2021 value. 
Value for 2021: 15,712,209,507,638
Value for 2020: 13,075,331,880,715
Difference = 15,712,209,507,638 - 13,075,331,880,715.","The difference in KLBF's Total current assets between 2021 and 2020 is 2,636,877,626,923.",Full Amount,0.97,arithmetic_reasoning,KLBF,2021,math,KLBF_2021_FinancialStatement_marker,KLBF_2021_FinancialStatement_marker_chk0011
Did KLBF's Total liabilities increase or decrease from 2020 to 2021?,"To determine if KLBF's Total liabilities increased or decreased, compare the 'Jumlah liabilitas' (Total liabilities) value for '31 December 2020' with the value for '31 December 2021'.
Value for 2020: 4,288,218,173,294
Value for 2021: 4,400,757,363,148
Compare 4,400,757,363,148 against 4,288,218,173,294.","KLBF's Total liabilities increased from 4,288,218,173,294 in 2020 to 4,400,757,363,148 in 2021.",Full Amount,0.96,comparative_trend,KLBF,2021,math,KLBF_2021_FinancialStatement_marker,KLBF_2021_FinancialStatement_marker_chk0011
What was the Total gross profit for KLBF in 2021?,"To find the Total gross profit for KLBF in 2021, locate the row labeled 'Jumlah laba bruto' (Total gross profit) and extract the value from the column corresponding to '31 December 2021'.","11,283,784,241,264",Full Amount,0.97,direct_retrieval,KLBF,2021,math,KLBF_2021_FinancialStatement_marker,KLBF_2021_FinancialStatement_marker_chk0013
Calculate the Total profit (loss) from continuing operations for KLBF in 2021 by subtracting Tax benefit (expenses) from Total profit (loss) before tax.,"First, locate 'Jumlah laba (rugi) sebelum pajak penghasilan' (Total profit (loss) before tax) for 2021, which is 4,143,264,634,774. Next, locate 'Pendapatan (beban) pajak' (Tax benefit (expenses)) for 2021, which is (911,256,951,493). Subtract the tax expenses from the profit before tax: 4,143,264,634,774 - 911,256,951,493.","3,232,007,683,281",Full Amount,0.96,arithmetic_reasoning,KLBF,2021,math,KLBF_2021_FinancialStatement_marker,KLBF_2021_FinancialStatement_marker_chk0013
Did the Sales and revenue for KLBF increase or decrease from 2020 to 2021?,"To determine the trend, first find the 'Penjualan dan pendapatan usaha' (Sales and revenue) for 2020, which is 23,112,654,991,224. Then, find the 'Penjualan dan pendapatan usaha' (Sales and revenue) for 2021, which is 26,261,194,512,313. Compare these two values.","The Sales and revenue for KLBF increased from 23,112,654,991,224 in 2020 to 26,261,194,512,313 in 2021.",Full Amount,0.95,comparative_trend,KLBF,2021,math,KLBF_2021_FinancialStatement_marker,KLBF_2021_FinancialStatement_marker_chk0013
"What are the two numerical values associated with ""Total other comprehensive income that may be reclassified to profit or loss, after tax"" for KLBF in 2021?","Locate the line item ""Total other comprehensive income that may be reclassified to profit or loss, after tax"" and extract the two numerical values presented next to it.","The two values are (6,649,015,124) and 44,930,572,852.",Full Amount,0.97,direct_retrieval,KLBF,2021,math,KLBF_2021_FinancialStatement_marker,KLBF_2021_FinancialStatement_marker_chk0014
"Calculate the net sum of the two values listed for ""Total other comprehensive income that may be reclassified to profit or loss, after tax"" for KLBF in 2021.","Identify the first value as -6,649,015,124 (due to parentheses) and the second value as 44,930,572,852. Add these two values together: -6,649,015,124 + 44,930,572,852.","The net sum is 38,281,557,728.",Full Amount,0.96,arithmetic_reasoning,KLBF,2021,math,KLBF_2021_FinancialStatement_marker,KLBF_2021_FinancialStatement_marker_chk0014
"How does the first listed value compare to the second listed value for ""Total other comprehensive income that may be reclassified to profit or loss, after tax"" for KLBF in 2021?","Identify the first value as (6,649,015,124) and the second value as 44,930,572,852. Compare their magnitudes and signs.","The first listed value, (6,649,015,124), is a negative amount, while the second listed value, 44,930,572,852, is a positive and significantly larger amount.",Full Amount,0.95,comparative_trend,KLBF,2021,math,KLBF_2021_FinancialStatement_marker,KLBF_2021_FinancialStatement_marker_chk0014
What does KLBF identify as its main business activity in 2021?,Locate the sentence in the text that explicitly states KLBF's primary business activity.,KLBF identifies health ('kesehatan') as its main business activity.,N/A,0.98,fact_extraction,KLBF,2021,text,KLBF-Annual-Report-2021_marker,KLBF-Annual-Report-2021_marker_chk0001
"According to the 2021 annual report segment, what is KLBF's stated mission regarding individual well-being?",Find the sentence that describes KLBF's mission and summarize its core objective related to individual health and protection.,KLBF's stated mission is to ensure that every individual has a healthier and protected tomorrow.,N/A,0.97,summarization,KLBF,2021,text,KLBF-Annual-Report-2021_marker,KLBF-Annual-Report-2021_marker_chk0001
"Based on the 2021 context, what underlying beliefs or objectives drive KLBF to offer health and nutritional products beneficial for consumers of all ages and life stages?","Analyze KLBF's core realizations, beliefs, and mission statements. Connect these foundational principles to the description of their health and nutritional products' broad applicability across all ages and life stages.","KLBF's underlying beliefs and objectives that drive it to offer health and nutritional products for consumers of all ages and life stages are its realization that health is its main business activity, its conviction that health is a fundamental human right, and its mission to ensure every individual has a healthier and protected tomorrow. These principles guide the development of products beneficial for improving and maintaining consumer health across all demographics.",N/A,0.95,logical_inference,KLBF,2021,text,KLBF-Annual-Report-2021_marker,KLBF-Annual-Report-2021_marker_chk0001
What is the page number for the 'Laporan Direksi' section for KLBF in 2021?,Locate the entry 'Laporan Direksi' in the table of contents and identify its corresponding page number.,The 'Laporan Direksi' section for KLBF in 2021 is on page 22.,N/A,0.99,fact_extraction,KLBF,2021,text,KLBF-Annual-Report-2021_marker,KLBF-Annual-Report-2021_marker_chk0003
What kind of financial information is covered under the 'Tinjauan Keuangan' section for KLBF in 2021?,Find the 'Tinjauan Keuangan' section and list all the sub-sections related to financial performance and statements that fall under it.,"Under the 'Tinjauan Keuangan' section for KLBF in 2021, the covered financial information includes 'Kinerja Keuangan di Tahun 2021' (Financial Performance in 2021), 'Laporan Posisi Keuangan Konsolidasian' (Consolidated Statements of Financial Position), 'Aset' (Assets), 'Laporan Arus Kas' (Statement of Cash Flow), 'Kemampuan Membayar Utang/Likuiditas dan Struktur Permodalan' (Solvency/Liquidity and Capital Structure), 'Investasi Barang Modal' (Capital Expenditure), 'Ikatan Material untuk Investasi Barang Modal' (Material Ties for Investment of Capital Goods), 'Target Tahun 2022' (2022 Targets), 'Produksi' (Manufacturing), 'Pemasaran' (Marketing), and 'Kebijakan Dividen' (Dividend Policies).",N/A,0.98,summarization,KLBF,2021,text,KLBF-Annual-Report-2021_marker,KLBF-Annual-Report-2021_marker_chk0003
"Based on the context, what is the implied reason for having separate statements from the Board of Directors, Board of Commissioners, and Audit Committee regarding related party transactions for KLBF in 2021?","Observe the sequence of sections related to 'Transaksi yang Mengandung Benturan Kepentingan dan Transaksi dengan Pihak Berelasi'. Note the individual statements from the Board of Directors, Board of Commissioners, and Audit Committee. Infer the purpose of these separate statements in the context of corporate governance.","The implied reason for having separate statements from the Board of Directors, Board of Commissioners, and Audit Committee regarding related party transactions for KLBF in 2021 is to ensure transparency, accountability, and independent oversight. Each body provides its perspective or confirmation on these transactions, reinforcing the company's commitment to good corporate governance and mitigating potential conflicts of interest. This multi-layered reporting mechanism suggests a system of checks and balances.",N/A,0.96,logical_inference,KLBF,2021,text,KLBF-Annual-Report-2021_marker,KLBF-Annual-Report-2021_marker_chk0003
Berapakah Jumlah Aset PT Chandra Asri Petrochemical Tbk pada tahun 2021?,"Untuk menjawab pertanyaan ini, cari baris yang sesuai dengan 'PT Chandra Asri Petrochemical Tbk' dalam tabel. Kemudian, temukan nilai di kolom 'Jumlah Aset' pada baris tersebut dan ekstrak nilainya.",Jumlah Aset PT Chandra Asri Petrochemical Tbk pada tahun 2021 adalah 4.993.060 RIBUAN USD.,RIBUAN USD,0.98,direct_retrieval,BRPT,2021,math,BRPT_2021_FinancialStatement_marker,BRPT_2021_FinancialStatement_marker_chk0002
Berapakah total Jumlah Aset gabungan dari PT Barito Wahana Lestari dan PT Barito Kencana Mahardika pada tahun 2021?,"Pertama, temukan 'Jumlah Aset' untuk 'PT Barito Wahana Lestari'. Kedua, temukan 'Jumlah Aset' untuk 'PT Barito Kencana Mahardika'. Ketiga, jumlahkan kedua nilai aset tersebut untuk mendapatkan total gabungan.",Total Jumlah Aset gabungan dari PT Barito Wahana Lestari (203.532 RIBUAN USD) dan PT Barito Kencana Mahardika (9.314 RIBUAN USD) pada tahun 2021 adalah 212.846 RIBUAN USD.,RIBUAN USD,0.97,arithmetic_reasoning,BRPT,2021,math,BRPT_2021_FinancialStatement_marker,BRPT_2021_FinancialStatement_marker_chk0002
"Pada tahun 2021, entitas mana yang memiliki Persentase (%) kepemilikan lebih tinggi antara PT Barito Cahaya Nusantara dan PT Barito Investa Prima?","Pertama, cari baris untuk 'PT Barito Cahaya Nusantara' dan catat nilai di kolom 'Persentase (%)'. Kedua, cari baris untuk 'PT Barito Investa Prima' dan catat nilai di kolom 'Persentase (%)'. Ketiga, bandingkan kedua persentase tersebut untuk menentukan mana yang lebih tinggi.","Pada tahun 2021, PT Barito Investa Prima memiliki Persentase (%) kepemilikan lebih tinggi (99.95%) dibandingkan PT Barito Cahaya Nusantara (99.2%).",%,0.96,comparative_trend,BRPT,2021,math,BRPT_2021_FinancialStatement_marker,BRPT_2021_FinancialStatement_marker_chk0002
Berapakah jumlah aset lancar BRPT pada 31 Desember 2021?,"Untuk menemukan jumlah aset lancar BRPT pada 31 Desember 2021, cari baris 'Jumlah aset lancar' dan kolom '31 December 2021' dalam tabel aset.","Jumlah aset lancar BRPT pada 31 Desember 2021 adalah 3,564,431.",Full Amount,0.97,direct_retrieval,BRPT,2021,math,BRPT_2021_FinancialStatement_marker,BRPT_2021_FinancialStatement_marker_chk0011
Hitunglah total piutang tidak lancar lainnya BRPT pada 31 Desember 2021.,"Untuk menghitung total piutang tidak lancar lainnya BRPT pada 31 Desember 2021, jumlahkan nilai 'Piutang tidak lancar lainnya pihak ketiga' dan 'Piutang tidak lancar lainnya pihak berelasi' dari kolom '31 December 2021'.
Langkah 1: Temukan 'Piutang tidak lancar lainnya pihak ketiga' pada 31 Desember 2021.
Langkah 2: Temukan 'Piutang tidak lancar lainnya pihak berelasi' pada 31 Desember 2021.
Langkah 3: Jumlahkan kedua nilai tersebut.","Total piutang tidak lancar lainnya BRPT pada 31 Desember 2021 adalah 275,916 (73,394 + 202,522).",Full Amount,0.96,arithmetic_reasoning,BRPT,2021,math,BRPT_2021_FinancialStatement_marker,BRPT_2021_FinancialStatement_marker_chk0011
Apakah jumlah aset BRPT mengalami peningkatan atau penurunan dari tahun 2020 ke tahun 2021?,"Untuk menentukan apakah jumlah aset BRPT meningkat atau menurun, bandingkan nilai 'Jumlah aset' pada 31 Desember 2021 dengan nilai pada 31 Desember 2020.
Langkah 1: Temukan 'Jumlah aset' pada 31 Desember 2021.
Langkah 2: Temukan 'Jumlah aset' pada 31 Desember 2020.
Langkah 3: Bandingkan kedua nilai tersebut untuk melihat apakah ada peningkatan atau penurunan.","Jumlah aset BRPT mengalami peningkatan dari 7,689,555 pada 31 Desember 2020 menjadi 9,241,551 pada 31 Desember 2021.",Full Amount,0.95,comparative_trend,BRPT,2021,math,BRPT_2021_FinancialStatement_marker,BRPT_2021_FinancialStatement_marker_chk0011
Berapakah nilai 'Jumlah ekuitas' untuk BRPT pada tahun 2021?,"Untuk menemukan nilai 'Jumlah ekuitas' BRPT pada tahun 2021, cari baris 'Jumlah ekuitas' (Total equity) dan ambil nilai yang sesuai di kolom tahun 2021.","4,267,075 Full Amount",Full Amount,0.97,direct_retrieval,BRPT,2021,math,BRPT_2021_FinancialStatement_marker,BRPT_2021_FinancialStatement_marker_chk0013
"Berapakah total 'Saldo laba' BRPT pada tahun 2021, yang merupakan penjumlahan dari 'Saldo laba yang telah ditentukan penggunaannya' dan 'Saldo laba yang belum ditentukan penggunaannya'?","Untuk menghitung total 'Saldo laba' BRPT pada tahun 2021, pertama temukan nilai 'Saldo laba yang telah ditentukan penggunaannya' (Appropriated retained earnings) yaitu 2,913. Kemudian, temukan nilai 'Saldo laba yang belum ditentukan penggunaannya' (Unappropriated retained earnings) yaitu 311,229. Jumlahkan kedua nilai tersebut: 2,913 + 311,229.","314,142 Full Amount",Full Amount,0.96,arithmetic_reasoning,BRPT,2021,math,BRPT_2021_FinancialStatement_marker,BRPT_2021_FinancialStatement_marker_chk0013
Apakah 'Jumlah ekuitas yang diatribusikan kepada pemilik entitas induk' BRPT meningkat atau menurun dari tahun sebelumnya ke tahun 2021?,"Untuk menentukan apakah 'Jumlah ekuitas yang diatribusikan kepada pemilik entitas induk' BRPT meningkat atau menurun, bandingkan nilai tahun 2021 (1,748,057) dengan nilai tahun sebelumnya (1,331,406). Jika nilai 2021 lebih besar, maka terjadi peningkatan; jika lebih kecil, maka terjadi penurunan.","Jumlah ekuitas yang diatribusikan kepada pemilik entitas induk BRPT meningkat dari 1,331,406 pada tahun sebelumnya menjadi 1,748,057 pada tahun 2021.",Full Amount,0.95,comparative_trend,BRPT,2021,math,BRPT_2021_FinancialStatement_marker,BRPT_2021_FinancialStatement_marker_chk0013
"Berapakah ""Jumlah laba bruto"" (Total gross profit) BRPT pada tahun 2021?","Untuk menemukan ""Jumlah laba bruto"" BRPT pada tahun 2021, cari baris dengan label ""Jumlah laba bruto"" dan ambil nilai dari kolom pertama (kiri) yang mewakili tahun 2021.","784,851",Full Amount,0.97,direct_retrieval,BRPT,2021,math,BRPT_2021_FinancialStatement_marker,BRPT_2021_FinancialStatement_marker_chk0015
"Hitunglah ""Jumlah laba (rugi) dari operasi yang dilanjutkan"" (Total profit (loss) from continuing operations) BRPT pada tahun 2021 dengan mengurangkan ""Pendapatan (beban) pajak"" dari ""Jumlah laba (rugi) sebelum pajak penghasilan"".","1. Temukan nilai ""Jumlah laba (rugi) sebelum pajak penghasilan"" untuk tahun 2021, yaitu 481,320.
2. Temukan nilai ""Pendapatan (beban) pajak"" untuk tahun 2021, yaitu (185,313).
3. Kurangkan ""Pendapatan (beban) pajak"" dari ""Jumlah laba (rugi) sebelum pajak penghasilan"": 481,320 - (185,313).","296,007",Full Amount,0.96,arithmetic_reasoning,BRPT,2021,math,BRPT_2021_FinancialStatement_marker,BRPT_2021_FinancialStatement_marker_chk0015
"Apakah ""Jumlah laba (rugi) dari operasi yang dilanjutkan"" (Total profit (loss) from continuing operations) BRPT meningkat atau menurun pada tahun 2021 dibandingkan dengan periode sebelumnya?","1. Identifikasi ""Jumlah laba (rugi) dari operasi yang dilanjutkan"" untuk tahun 2021, yaitu 296,007.
2. Identifikasi ""Jumlah laba (rugi) dari operasi yang dilanjutkan"" untuk periode sebelumnya (kolom kanan), yaitu 147,482.
3. Bandingkan kedua nilai tersebut untuk menentukan apakah terjadi peningkatan atau penurunan.",Jumlah laba (rugi) dari operasi yang dilanjutkan BRPT meningkat pada tahun 2021 dibandingkan dengan periode sebelumnya.,Full Amount,0.95,comparative_trend,BRPT,2021,math,BRPT_2021_FinancialStatement_marker,BRPT_2021_FinancialStatement_marker_chk0015
What was the theme of BRPT's 2021 Annual Report?,Locate the sentence in the provided text that explicitly states the theme of the 2021 Annual Report for BRPT.,"The theme of BRPT's 2021 Annual Report was ""Partnership for Long-term Value Creation"".",N/A,0.98,fact_extraction,BRPT,2021,text,BRPT-Annual-Report-2021_marker,BRPT-Annual-Report-2021_marker_chk0001
How does BRPT describe the significance of the second petrochemical complex in its 2021 Annual Report?,Identify the sentences that discuss the second petrochemical complex. Synthesize the information regarding its role and impact as described by BRPT in the 2021 Annual Report.,"In its 2021 Annual Report, BRPT describes the partnership in the construction of the second petrochemical complex as a key milestone that drives transformational growth for the Company. Its completion is expected to significantly increase BRPT's production in the petrochemical sector.",N/A,0.97,summarization,BRPT,2021,text,BRPT-Annual-Report-2021_marker,BRPT-Annual-Report-2021_marker_chk0001
"Based on the 2021 Annual Report, why is the completion of BRPT's second petrochemical complex expected to benefit the national economy?","Find the section of the text that explains the impact of the second petrochemical complex on the national economy. Analyze the stated reasons for this benefit, connecting the increased production to its economic implications.","Based on the 2021 Annual Report, the completion of BRPT's second petrochemical complex is expected to benefit the national economy because it will significantly increase the Company's production in the petrochemical sector. This increased domestic production will contribute to the national economy by reducing its current dependence on petrochemical imports, thereby reducing the unfavorable balance of trade.",N/A,0.96,logical_inference,BRPT,2021,text,BRPT-Annual-Report-2021_marker,BRPT-Annual-Report-2021_marker_chk0001
"What is the page number for the ""Komposisi Karyawan"" section in BRPT's 2021 annual report?","Locate the entry ""Komposisi Karyawan"" in the provided table of contents for BRPT's 2021 annual report and identify the corresponding page number.","The ""Komposisi Karyawan"" section is on page 93 in BRPT's 2021 annual report.",N/A,0.98,fact_extraction,BRPT,2021,text,BRPT-Annual-Report-2021_marker,BRPT-Annual-Report-2021_marker_chk0002
What topics related to human resources are listed in the table of contents for BRPT's 2021 annual report?,Read through the provided table of contents for BRPT's 2021 annual report and list all entries that pertain to human resources or employees.,"The topics related to human resources listed in the table of contents for BRPT's 2021 annual report are ""Komposisi Karyawan"", ""Manajemen Sumber Daya Manusia"", and ""Pelatihan dan Pengembangan Kompetensi"".",N/A,0.96,summarization,BRPT,2021,text,BRPT-Annual-Report-2021_marker,BRPT-Annual-Report-2021_marker_chk0002
"Based on the listed sections in BRPT's 2021 annual report, what aspect of human resources management appears to be given a dedicated focus beyond just general management?","Examine the specific titles in the table of contents related to human resources for BRPT's 2021 annual report. Identify if any title points to a particular area of HR that is distinct from general management or composition, implying a dedicated focus.","Beyond general human resource management and employee composition, ""Pelatihan dan Pengembangan Kompetensi"" (Training and Competency Development) is given a dedicated focus as a separate section in BRPT's 2021 annual report.",N/A,0.95,logical_inference,BRPT,2021,text,BRPT-Annual-Report-2021_marker,BRPT-Annual-Report-2021_marker_chk0002
